test_loss,accuracy,f1score,precision,recall,accuracy_per_0,accuracy_per_1,accuracy_per_2,accuracy_per_3,accuracy_per_4,accuracy_per_5,accuracy_per_6,accuracy_per_7,accuracy_per_8,accuracy_per_9,node_id,epoch
2.303800408451702,0.1,0.01818181818181818,0.01,0.1,0.0,0.0,0.0,0.0,1.0,0.0,0.0,0.0,0.0,0.0,0,0
2.303800408451702,0.1,0.01818181818181818,0.01,0.1,0.0,0.0,0.0,0.0,1.0,0.0,0.0,0.0,0.0,0.0,1,0
2.303800408451702,0.1,0.01818181818181818,0.01,0.1,0.0,0.0,0.0,0.0,1.0,0.0,0.0,0.0,0.0,0.0,2,0
2.303800408451702,0.1,0.01818181818181818,0.01,0.1,0.0,0.0,0.0,0.0,1.0,0.0,0.0,0.0,0.0,0.0,3,0
2.303800408451702,0.1,0.01818181818181818,0.01,0.1,0.0,0.0,0.0,0.0,1.0,0.0,0.0,0.0,0.0,0.0,4,0
2.303800408451702,0.1,0.01818181818181818,0.01,0.1,0.0,0.0,0.0,0.0,1.0,0.0,0.0,0.0,0.0,0.0,5,0
2.303800408451702,0.1,0.01818181818181818,0.01,0.1,0.0,0.0,0.0,0.0,1.0,0.0,0.0,0.0,0.0,0.0,6,0
2.303800408451702,0.1,0.01818181818181818,0.01,0.1,0.0,0.0,0.0,0.0,1.0,0.0,0.0,0.0,0.0,0.0,7,0
2.303800408451702,0.1,0.01818181818181818,0.01,0.1,0.0,0.0,0.0,0.0,1.0,0.0,0.0,0.0,0.0,0.0,8,0
2.303800408451702,0.1,0.01818181818181818,0.01,0.1,0.0,0.0,0.0,0.0,1.0,0.0,0.0,0.0,0.0,0.0,9,0
2.303800408451702,0.1,0.01818181818181818,0.01,0.1,0.0,0.0,0.0,0.0,1.0,0.0,0.0,0.0,0.0,0.0,10,0
2.303800408451702,0.1,0.01818181818181818,0.01,0.1,0.0,0.0,0.0,0.0,1.0,0.0,0.0,0.0,0.0,0.0,11,0
2.303800408451702,0.1,0.01818181818181818,0.01,0.1,0.0,0.0,0.0,0.0,1.0,0.0,0.0,0.0,0.0,0.0,12,0
2.303800408451702,0.1,0.01818181818181818,0.01,0.1,0.0,0.0,0.0,0.0,1.0,0.0,0.0,0.0,0.0,0.0,13,0
2.303800408451702,0.1,0.01818181818181818,0.01,0.1,0.0,0.0,0.0,0.0,1.0,0.0,0.0,0.0,0.0,0.0,14,0
6.284378574298213,0.2922,0.20320013720244973,0.20699433757677235,0.29219999999999996,0.883,0.437,0.956,0.646,0.0,0.0,0.0,0.0,0.0,0.0,0,1
4.8353281272486,0.3374,0.2521224400051718,0.2298334098195803,0.33740000000000003,0.783,0.914,0.977,0.7,0.0,0.0,0.0,0.0,0.0,0.0,1,1
4.792934348408026,0.2007,0.10745475126976163,0.24331699600276463,0.20070000000000002,0.173,0.986,0.751,0.096,0.0,0.001,0.0,0.0,0.0,0.0,2,1
10.932337136314318,0.1994,0.06947103086834436,0.04252369270025931,0.1994,0.0,0.0,0.0,0.0,0.995,0.999,0.0,0.0,0.0,0.0,3,1
10.391662414843282,0.2425,0.1139363489308048,0.07484037021706916,0.2425,0.0,0.0,0.0,0.0,0.918,0.999,0.508,0.0,0.0,0.0,4,1
9.447397908463646,0.2005,0.07299287978401678,0.07741284125623203,0.20049999999999998,0.0,0.0,0.0,0.0,0.014,0.999,0.992,0.0,0.0,0.0,5,1
8.782322399151592,0.1996,0.06941689171177227,0.04245751033532384,0.1996,0.0,0.0,0.0,0.0,0.0,0.999,0.997,0.0,0.0,0.0,6,1
28.21359386383154,0.1,0.01818181818181818,0.01,0.1,0.0,0.0,0.0,0.0,0.0,1.0,0.0,0.0,0.0,0.0,7,1
9.067655053001623,0.2008,0.07296903169669589,0.0776795188324952,0.2008,0.0,0.0,0.0,0.0,0.016,0.999,0.993,0.0,0.0,0.0,8,1
9.782030984616508,0.214,0.09605993262713228,0.09257752999984256,0.21399999999999997,0.0,0.0,0.0,0.0,0.175,0.999,0.966,0.0,0.0,0.0,9,1
11.507405259738714,0.2709,0.16523819790105623,0.1363396582002807,0.27090000000000003,0.0,0.0,0.0,0.0,0.0,0.0,0.0,0.98,0.994,0.735,10,1
9.821811046844092,0.2643,0.1572797133385886,0.12908102212592826,0.26430000000000003,0.0,0.0,0.0,0.0,0.0,0.0,0.0,0.993,0.986,0.664,11,1
10.104273465494758,0.2831,0.17234804910548618,0.13728948956309056,0.2831,0.0,0.0,0.0,0.0,0.0,0.0,0.0,0.911,0.988,0.932,12,1
10.189769743349606,0.2704,0.16203360995122806,0.13113763053099542,0.2704,0.0,0.0,0.0,0.0,0.0,0.0,0.0,0.987,0.986,0.731,13,1
11.356654922802228,0.2739,0.16576212941822316,0.1347281610173096,0.2739,0.0,0.0,0.0,0.0,0.0,0.0,0.0,0.985,0.99,0.764,14,1
5.648221277962096,0.3022,0.21414484539564427,0.21109217644677497,0.3022,0.884,0.53,0.953,0.655,0.0,0.0,0.0,0.0,0.0,0.0,0,2
4.692431033228914,0.3476,0.23858804672096534,0.20256943150271473,0.3476,0.802,0.907,0.969,0.798,0.0,0.0,0.0,0.0,0.0,0.0,1,2
4.8384305912846575,0.2384,0.14125099707473115,0.21185344155874483,0.2384,0.254,0.972,0.877,0.273,0.0,0.008,0.0,0.0,0.0,0.0,2,2
10.198595499459167,0.211,0.08581738466206702,0.06015172592831184,0.21100000000000002,0.0,0.0,0.0,0.0,0.995,1.0,0.115,0.0,0.0,0.0,3,2
10.080014516751225,0.2401,0.10784718726701943,0.06996137514283578,0.24009999999999998,0.0,0.0,0.0,0.0,0.957,1.0,0.444,0.0,0.0,0.0,4,2
10.175490236130004,0.2382,0.12086029003912398,0.0958897056573053,0.23819999999999997,0.0,0.0,0.0,0.0,0.477,1.0,0.905,0.0,0.0,0.0,5,2
9.064624272977202,0.1997,0.06963922164316882,0.042646102476665136,0.1997,0.0,0.0,0.0,0.0,0.0,1.0,0.997,0.0,0.0,0.0,6,2
24.094161633866282,0.1,0.01818512456810329,0.010002000400080016,0.1,0.0,0.0,0.0,0.0,0.0,1.0,0.0,0.0,0.0,0.0,7,2
8.940723879268756,0.2246,0.10306694882220686,0.0741070827112306,0.2246,0.0,0.0,0.0,0.0,0.319,1.0,0.927,0.0,0.0,0.0,8,2
8.714773048608066,0.2068,0.08466074929428602,0.056126388258422956,0.2068,0.0,0.0,0.0,0.0,0.096,0.999,0.973,0.0,0.0,0.0,9,2
10.607121362472876,0.2695,0.16314255580404674,0.1341741464585608,0.26949999999999996,0.0,0.0,0.0,0.0,0.0,0.0,0.0,0.982,0.994,0.719,10,2
10.231255281466646,0.2603,0.15383292713538121,0.12752502318558173,0.2603,0.0,0.0,0.0,0.0,0.0,0.0,0.0,0.994,0.988,0.621,11,2
10.029000533655429,0.2815,0.17113756666327654,0.13652353002241496,0.2815,0.0,0.0,0.0,0.0,0.0,0.0,0.0,0.875,0.989,0.951,12,2
10.522684409595525,0.2678,0.15984985692700443,0.1299525142373105,0.2678,0.0,0.0,0.0,0.0,0.0,0.0,0.0,0.99,0.986,0.702,13,2
10.43238997840272,0.2738,0.16499750906930202,0.13337485374558375,0.2738,0.0,0.0,0.0,0.0,0.0,0.0,0.0,0.986,0.988,0.764,14,2
5.332984668378251,0.3086,0.2084643274349265,0.22704536377413032,0.3086,0.874,0.527,0.958,0.714,0.0,0.013,0.0,0.0,0.0,0.0,0,3
4.699358803776507,0.3491,0.22927593584623746,0.19162607703462445,0.34909999999999997,0.791,0.891,0.972,0.837,0.0,0.0,0.0,0.0,0.0,0.0,1,3
5.132491711229562,0.2846,0.18389688422780842,0.2751641223968374,0.28459999999999996,0.395,0.957,0.95,0.542,0.0,0.002,0.0,0.0,0.0,0.0,2,3
10.74701698138691,0.2214,0.09533570507546343,0.06551457593826218,0.22139999999999999,0.0,0.0,0.0,0.0,0.998,1.0,0.216,0.0,0.0,0.0,3,3
10.025450555661235,0.2435,0.11018154699279208,0.07149477425865215,0.2435,0.0,0.0,0.0,0.0,0.94,1.0,0.495,0.0,0.0,0.0,4,3
10.195553915188336,0.2294,0.11086212029888975,0.08291760783990619,0.2294,0.0,0.0,0.0,0.0,0.384,0.998,0.912,0.0,0.0,0.0,5,3
9.190356842626016,0.2,0.07094068034079186,0.05431093562925575,0.2,0.0,0.0,0.0,0.0,0.006,1.0,0.994,0.0,0.0,0.0,6,3
23.725440930253782,0.1001,0.018400764575850253,0.017705324614306288,0.1001,0.0,0.0,0.0,0.0,0.0,1.0,0.001,0.0,0.0,0.0,7,3
9.226142691347166,0.2504,0.11574079889352329,0.07590416356863014,0.2504,0.0,0.0,0.0,0.0,0.673,1.0,0.831,0.0,0.0,0.0,8,3
9.345063357307508,0.2224,0.0971246527604055,0.06401455753296528,0.22240000000000001,0.0,0.0,0.0,0.0,0.28,1.0,0.944,0.0,0.0,0.0,9,3
10.339856592611001,0.2706,0.16461271930223495,0.1355857323855325,0.2706,0.0,0.0,0.0,0.0,0.0,0.0,0.0,0.979,0.995,0.732,10,3
9.595224575493663,0.2568,0.15076015623303837,0.12637398246801865,0.2568,0.0,0.0,0.0,0.0,0.0,0.0,0.0,0.995,0.99,0.583,11,3
9.778183819767767,0.2811,0.1706196145684237,0.13603243974259768,0.2811,0.0,0.0,0.0,0.0,0.0,0.0,0.0,0.866,0.989,0.956,12,3
9.881600699866542,0.2697,0.16123091982520976,0.13040252271338326,0.2697,0.0,0.0,0.0,0.0,0.0,0.0,0.0,0.985,0.989,0.723,13,3
10.116628141068041,0.2735,0.16473810707228997,0.13335682646993213,0.27349999999999997,0.0,0.0,0.0,0.0,0.0,0.0,0.0,0.988,0.988,0.759,14,3
5.069580276172382,0.3614,0.2711091570559224,0.2497614616699923,0.36140000000000005,0.867,0.702,0.961,0.755,0.0,0.329,0.0,0.0,0.0,0.0,0,4
4.600661901620249,0.3564,0.236202860471666,0.23341767307220146,0.3564,0.828,0.896,0.971,0.792,0.0,0.077,0.0,0.0,0.0,0.0,1,4
5.444846252282968,0.3207,0.21823709308412695,0.2851878011530318,0.32069999999999993,0.421,0.916,0.969,0.887,0.0,0.014,0.0,0.0,0.0,0.0,2,4
10.337456564552868,0.2278,0.1001336738038117,0.0675660107928042,0.2278,0.0,0.0,0.0,0.0,0.996,1.0,0.282,0.0,0.0,0.0,3,4
9.759267782631774,0.2534,0.11750834373949756,0.0766174104665225,0.25339999999999996,0.0,0.0,0.0,0.0,0.875,1.0,0.659,0.0,0.0,0.0,4,4
10.55513437715963,0.2288,0.10856845180143324,0.07937807780319547,0.22880000000000003,0.0,0.0,0.0,0.0,0.359,0.996,0.933,0.0,0.0,0.0,5,4
8.959568014540991,0.2017,0.0753605359277569,0.050384961815088,0.2017,0.0,0.0,0.0,0.0,0.033,1.0,0.984,0.0,0.0,0.0,6,4
21.285740666496107,0.1019,0.02169140717423284,0.01984771055683223,0.10189999999999999,0.0,0.0,0.0,0.0,0.0,1.0,0.019,0.0,0.0,0.0,7,4
9.501512681333402,0.2467,0.11313029125028226,0.07395634648994663,0.2467,0.0,0.0,0.0,0.0,0.613,1.0,0.854,0.0,0.0,0.0,8,4
9.382791293695712,0.234,0.10554624103217122,0.0687941669276385,0.23399999999999999,0.0,0.0,0.0,0.0,0.455,1.0,0.885,0.0,0.0,0.0,9,4
9.984794720293234,0.2728,0.16548373492334165,0.1353144160161238,0.2728,0.0,0.0,0.0,0.0,0.0,0.0,0.0,0.983,0.995,0.75,10,4
9.41907356189082,0.259,0.15233864260787766,0.12658689021859032,0.259,0.0,0.0,0.0,0.0,0.0,0.0,0.0,0.995,0.99,0.605,11,4
10.265703982819383,0.2837,0.1731099751540624,0.13819842301203658,0.2837,0.0,0.0,0.0,0.0,0.0,0.0,0.0,0.907,0.991,0.939,12,4
9.673341534769953,0.2711,0.16269742167683376,0.19782172013520055,0.2711,0.0,0.002,0.0,0.0,0.0,0.0,0.0,0.985,0.985,0.739,13,4
10.18536376953125,0.2753,0.16638559720654333,0.1345433419723819,0.2753,0.0,0.0,0.0,0.0,0.0,0.0,0.0,0.984,0.99,0.779,14,4
4.311389349520016,0.4233,0.32918280625453894,0.299158070390404,0.42329999999999995,0.871,0.867,0.96,0.748,0.0,0.0,0.0,0.787,0.0,0.0,0,5
4.16151422509751,0.4086,0.29523191201208915,0.32079578467090714,0.4086,0.776,0.936,0.972,0.739,0.0,0.005,0.0,0.658,0.0,0.0,1,5
4.9514249506088115,0.3708,0.28242063952184604,0.2753899800350361,0.37079999999999996,0.512,0.944,0.966,0.742,0.0,0.0,0.0,0.544,0.0,0.0,2,5
10.177582507697156,0.2275,0.09991246145931972,0.06728946699259032,0.22749999999999998,0.0,0.0,0.0,0.0,0.996,1.0,0.279,0.0,0.0,0.0,3,5
9.662139222263908,0.246,0.11192954645683444,0.0726210913340949,0.246,0.0,0.0,0.0,0.0,0.937,1.0,0.523,0.0,0.0,0.0,4,5
10.36626828288118,0.2421,0.1139707231461478,0.07797397988905308,0.24209999999999998,0.0,0.0,0.0,0.0,0.519,0.998,0.904,0.0,0.0,0.0,5,5
8.526640351207112,0.2043,0.07908542680584743,0.05169328020428865,0.2043,0.0,0.0,0.0,0.0,0.066,1.0,0.977,0.0,0.0,0.0,6,5
18.986565995140197,0.1126,0.03359796955065884,0.02655421878527701,0.11259999999999999,0.0,0.0,0.0,0.0,0.0,1.0,0.126,0.0,0.0,0.0,7,5
9.389510253747812,0.2477,0.11380794395112168,0.07461133868255516,0.24769999999999998,0.0,0.0,0.0,0.0,0.609,1.0,0.868,0.0,0.0,0.0,8,5
9.64083946550997,0.2308,0.10299743488890101,0.06730274736041077,0.23079999999999998,0.0,0.0,0.0,0.0,0.391,1.0,0.917,0.0,0.0,0.0,9,5
10.522397935580903,0.272,0.1646668054784882,0.18445150727534812,0.27199999999999996,0.0,0.001,0.0,0.0,0.0,0.0,0.0,0.985,0.995,0.739,10,5
9.323870192701444,0.2638,0.15850977125493432,0.20475944755755301,0.2638,0.0,0.016,0.0,0.0,0.0,0.0,0.0,0.995,0.989,0.638,11,5
10.461835929760918,0.2812,0.17086123611848497,0.1364944243438669,0.2812,0.0,0.0,0.0,0.0,0.0,0.0,0.0,0.862,0.992,0.958,12,5
10.032457750826216,0.272,0.16488969412785504,0.20498764530300276,0.27199999999999996,0.0,0.014,0.0,0.0,0.0,0.0,0.0,0.988,0.988,0.73,13,5
10.236645255225916,0.2739,0.1660204932526041,0.19183691504951686,0.2739,0.0,0.007,0.0,0.0,0.0,0.0,0.0,0.987,0.988,0.757,14,5
4.770716130162199,0.4048,0.2954090778985784,0.2590439515819098,0.4048,0.885,0.844,0.955,0.718,0.0,0.646,0.0,0.0,0.0,0.0,0,6
4.272955340318406,0.4054,0.28586501280786,0.2557265156906215,0.40540000000000004,0.798,0.935,0.958,0.789,0.0,0.571,0.0,0.003,0.0,0.0,1,6
5.078635395525363,0.3867,0.28405509886611063,0.2466615281166132,0.38669999999999993,0.677,0.945,0.961,0.759,0.0,0.525,0.0,0.0,0.0,0.0,2,6
10.107116565155907,0.2314,0.10245330048701151,0.06786302701297506,0.2314,0.0,0.0,0.0,0.0,0.986,0.999,0.329,0.0,0.0,0.0,3,6
9.640665182290366,0.2506,0.11483777493722225,0.07453297456111455,0.25060000000000004,0.0,0.0,0.0,0.0,0.91,1.0,0.596,0.0,0.0,0.0,4,6
10.261678340716864,0.2376,0.11130245949403625,0.07657967984126854,0.23759999999999998,0.0,0.0,0.0,0.0,0.456,0.998,0.922,0.0,0.0,0.0,5,6
8.944600157082652,0.2004,0.0732074154684958,0.04594227100685767,0.2004,0.0,0.0,0.0,0.0,0.013,1.0,0.991,0.0,0.0,0.0,6,6
24.455880082834263,0.1017,0.021374132976560437,0.02011653064284643,0.10169999999999998,0.0,0.0,0.0,0.0,0.0,1.0,0.017,0.0,0.0,0.0,7,6
9.340118566641031,0.2439,0.1116921423780622,0.07332401715288447,0.2439,0.0,0.0,0.0,0.0,0.552,1.0,0.887,0.0,0.0,0.0,8,6
9.838328040065095,0.2242,0.09843752390810287,0.06465946260384593,0.2242,0.0,0.0,0.0,0.0,0.306,1.0,0.936,0.0,0.0,0.0,9,6
10.373506431762403,0.2703,0.16408926111962285,0.1683591724159673,0.27030000000000004,0.0,0.001,0.0,0.0,0.0,0.0,0.0,0.984,0.994,0.724,10,6
9.256255131560012,0.2654,0.15936275557970808,0.20440168983713294,0.26539999999999997,0.0,0.012,0.0,0.0,0.0,0.0,0.0,0.995,0.991,0.656,11,6
10.129442556216693,0.2834,0.17314998837930315,0.17150558026176008,0.2834,0.0,0.001,0.0,0.0,0.0,0.0,0.0,0.901,0.991,0.941,12,6
9.780692616971537,0.2729,0.1657983958262476,0.20676385758763716,0.27290000000000003,0.0,0.015,0.0,0.0,0.0,0.0,0.0,0.985,0.989,0.74,13,6
9.985766747508187,0.2755,0.16657576338515248,0.1841970339477786,0.27549999999999997,0.0,0.002,0.0,0.0,0.0,0.0,0.0,0.982,0.987,0.784,14,6
4.345559485804158,0.4298,0.3198467440944526,0.3814770771090604,0.4298,0.882,0.857,0.959,0.724,0.0,0.001,0.0,0.875,0.0,0.0,0,7
4.13306964472079,0.4374,0.3129552959334295,0.3559396117348628,0.43739999999999996,0.797,0.926,0.966,0.818,0.0,0.007,0.0,0.86,0.0,0.0,1,7
4.667211194769643,0.4201,0.3132275922659303,0.3725559639105261,0.4201,0.673,0.942,0.968,0.772,0.0,0.008,0.0,0.838,0.0,0.0,2,7
9.710238826922334,0.2313,0.10232796577790564,0.06772359439689936,0.2313,0.0,0.0,0.0,0.0,0.988,1.0,0.325,0.0,0.0,0.0,3,7
9.49890670075584,0.2518,0.1153446211512216,0.07486120471315087,0.25179999999999997,0.0,0.0,0.0,0.0,0.917,1.0,0.601,0.0,0.0,0.0,4,7
10.044532145174166,0.2449,0.11483072274286317,0.07728899066295032,0.24489999999999998,0.0,0.0,0.0,0.0,0.556,0.998,0.895,0.0,0.0,0.0,5,7
8.920283309948712,0.2001,0.07234027898021482,0.04571054704038363,0.2001,0.0,0.0,0.0,0.0,0.01,1.0,0.991,0.0,0.0,0.0,6,7
18.562918900681762,0.1128,0.033867759428249836,0.026969012802135945,0.11280000000000001,0.0,0.0,0.0,0.0,0.0,1.0,0.128,0.0,0.0,0.0,7,7
9.200739828542398,0.2411,0.11008485902639067,0.07248339842278265,0.2411,0.0,0.0,0.0,0.0,0.51,0.999,0.902,0.0,0.0,0.0,8,7
8.96460435337152,0.2311,0.10328984911687497,0.06793992714420438,0.2311,0.0,0.0,0.0,0.0,0.383,1.0,0.928,0.0,0.0,0.0,9,7
10.976144382367119,0.2715,0.1664883329994704,0.19996141464078251,0.27149999999999996,0.0,0.007,0.0,0.0,0.0,0.0,0.0,0.983,0.994,0.731,10,7
9.152091605213885,0.2801,0.18827666075882651,0.22015460941967535,0.2801,0.0,0.225,0.0,0.0,0.0,0.0,0.0,0.997,0.988,0.591,11,7
10.04892993506532,0.2862,0.1779609123684555,0.2187310748552275,0.2862,0.0,0.025,0.0,0.0,0.0,0.0,0.0,0.91,0.99,0.937,12,7
9.652773214224428,0.2917,0.19881879821395645,0.2246075018546243,0.29169999999999996,0.0,0.24,0.0,0.0,0.0,0.0,0.0,0.99,0.987,0.7,13,7
9.74018197927993,0.2907,0.19336065302762376,0.22899128871039998,0.2907,0.0,0.157,0.0,0.0,0.0,0.0,0.0,0.985,0.988,0.777,14,7
4.455335398070728,0.4105,0.30895207275741055,0.3368604035054789,0.41050000000000003,0.9,0.867,0.954,0.683,0.0,0.633,0.0,0.068,0.0,0.0,0,8
4.53157015958914,0.4247,0.3142727299885449,0.3322640589260759,0.42469999999999997,0.79,0.894,0.971,0.875,0.0,0.623,0.0,0.094,0.0,0.0,1,8
5.1017875016306915,0.3928,0.2881955025036423,0.3254037054840048,0.39280000000000004,0.5,0.922,0.971,0.875,0.0,0.648,0.0,0.012,0.0,0.0,2,8
9.861115259103501,0.2334,0.1036967934734091,0.16836877090995786,0.2334,0.0,0.0,0.0,0.001,0.986,1.0,0.347,0.0,0.0,0.0,3,8
9.322996800699935,0.2504,0.11467138544810987,0.17427462591915682,0.2504,0.0,0.0,0.0,0.001,0.927,1.0,0.576,0.0,0.0,0.0,4,8
10.211778829653804,0.2351,0.10842010359367613,0.07364861999697399,0.2351,0.0,0.0,0.0,0.0,0.422,0.998,0.931,0.0,0.0,0.0,5,8
8.950125290562932,0.2012,0.07485850995540203,0.0475521288469784,0.2012,0.0,0.0,0.0,0.0,0.022,1.0,0.99,0.0,0.0,0.0,6,8
17.79200393932696,0.1159,0.03643913932495204,0.02827738039207986,0.1159,0.0,0.0,0.0,0.0,0.0,1.0,0.159,0.0,0.0,0.0,7,8
9.45312948348804,0.2376,0.10793057519237773,0.07133120130588569,0.23759999999999998,0.0,0.0,0.0,0.0,0.46,1.0,0.916,0.0,0.0,0.0,8,8
9.248189418841475,0.2313,0.10414022637359961,0.16830053446313975,0.2313,0.0,0.0,0.0,0.003,0.38,1.0,0.93,0.0,0.0,0.0,9,8
9.965136950008404,0.2749,0.16865318045498642,0.20071701975566936,0.27490000000000003,0.0,0.009,0.0,0.0,0.0,0.0,0.0,0.984,0.994,0.762,10,8
8.726481331042207,0.2794,0.1836359436861365,0.22212833934481405,0.2794,0.0,0.155,0.0,0.0,0.0,0.0,0.0,0.995,0.991,0.653,11,8
9.319594799139248,0.2884,0.18183632069660516,0.22645895756605278,0.2884,0.0,0.047,0.0,0.0,0.0,0.0,0.0,0.895,0.99,0.952,12,8
8.63664179488112,0.3017,0.20873257677818483,0.22901569991866194,0.3017,0.0,0.277,0.0,0.0,0.0,0.0,0.0,0.985,0.987,0.768,13,8
9.064446898694998,0.2842,0.18288373111234574,0.2272590274991341,0.2842,0.0,0.091,0.0,0.0,0.0,0.0,0.0,0.986,0.988,0.777,14,8
4.087274654985617,0.4511,0.3499468944819348,0.45016611646256754,0.4511,0.892,0.865,0.952,0.742,0.0,0.143,0.0,0.906,0.0,0.011,0,9
4.012673064542654,0.4565,0.34862188263972343,0.35331832624320514,0.45649999999999996,0.726,0.912,0.968,0.898,0.0,0.196,0.0,0.865,0.0,0.0,1,9
4.5736218310011845,0.447,0.3512306628605339,0.3708141940623525,0.44700000000000006,0.686,0.922,0.969,0.881,0.0,0.166,0.0,0.846,0.0,0.0,2,9
9.957416711143031,0.2359,0.10481001458340691,0.06903507309609944,0.2359,0.0,0.0,0.0,0.0,0.984,1.0,0.375,0.0,0.0,0.0,3,9
9.430081239523599,0.2544,0.11766960384789997,0.17593622189333705,0.2544,0.0,0.0,0.0,0.004,0.902,1.0,0.638,0.0,0.0,0.0,4,9
10.30403933509851,0.2413,0.1124893482163201,0.07593146389436553,0.24130000000000001,0.0,0.0,0.0,0.0,0.502,0.998,0.913,0.0,0.0,0.0,5,9
9.217933220604356,0.2018,0.07540213988068545,0.04849184964582631,0.20179999999999998,0.0,0.0,0.0,0.0,0.033,1.0,0.985,0.0,0.0,0.0,6,9
12.039801650915663,0.2221,0.10052470938996336,0.0668440906153522,0.22210000000000002,0.0,0.0,0.0,0.0,0.796,1.0,0.425,0.0,0.0,0.0,7,9
9.587446976012696,0.2469,0.11344063611226152,0.07465563718893595,0.24689999999999998,0.0,0.0,0.0,0.0,0.571,0.999,0.899,0.0,0.0,0.0,8,9
9.459831214941348,0.2359,0.1062908178391025,0.06995805025396044,0.2359,0.0,0.0,0.0,0.0,0.437,1.0,0.922,0.0,0.0,0.0,9,9
9.839491530348317,0.2809,0.17722359975493251,0.2221140889883658,0.28090000000000004,0.0,0.045,0.0,0.0,0.0,0.0,0.0,0.981,0.994,0.789,10,9
8.257638876430523,0.3227,0.23088886037336936,0.3244067597189998,0.3227,0.0,0.541,0.0,0.0,0.002,0.0,0.0,0.993,0.99,0.701,11,9
9.449644110073297,0.3009,0.20278223400497697,0.33240929542915704,0.30090000000000006,0.0,0.171,0.0,0.0,0.001,0.0,0.0,0.911,0.989,0.937,12,9
9.03921815153128,0.3145,0.22406979723794826,0.26193019712132,0.3145,0.0,0.432,0.0,0.0,0.001,0.0,0.0,0.989,0.989,0.734,13,9
9.177106051399305,0.3063,0.21429659675306262,0.26401732726315996,0.30629999999999996,0.0,0.313,0.0,0.0,0.001,0.0,0.0,0.989,0.989,0.771,14,9
4.328726830193029,0.4341,0.3421048677025638,0.3488972217038909,0.43410000000000004,0.904,0.861,0.949,0.704,0.0,0.657,0.0,0.266,0.0,0.0,0,10
4.369229440110179,0.438,0.3230829090551993,0.3487192898080852,0.438,0.797,0.918,0.973,0.856,0.0,0.768,0.0,0.068,0.0,0.0,1,10
4.705779068767073,0.4307,0.3197130750860872,0.35591149689819035,0.4307,0.691,0.93,0.964,0.886,0.0,0.791,0.0,0.045,0.0,0.0,2,10
10.046999526100036,0.2361,0.10513578982202396,0.16908041874778124,0.23609999999999998,0.0,0.0,0.0,0.001,0.985,1.0,0.375,0.0,0.0,0.0,3,10
9.213234523614755,0.2489,0.11405149096365683,0.17338242377152574,0.24889999999999998,0.0,0.0,0.0,0.005,0.941,1.0,0.543,0.0,0.0,0.0,4,10
10.356559928613729,0.2431,0.11356962604655226,0.07685360191780088,0.2431,0.0,0.0,0.0,0.0,0.515,0.999,0.917,0.0,0.0,0.0,5,10
8.955246379961983,0.2014,0.07488496382983857,0.04769732104084158,0.20139999999999997,0.0,0.0,0.0,0.0,0.025,1.0,0.989,0.0,0.0,0.0,6,10
13.284034043455277,0.2023,0.09274700736554181,0.06323830898576935,0.2023,0.0,0.0,0.0,0.0,0.389,1.0,0.634,0.0,0.0,0.0,7,10
9.657172420916085,0.2468,0.11325579744345522,0.07456270402779658,0.2468,0.0,0.0,0.0,0.0,0.568,1.0,0.9,0.0,0.0,0.0,8,10
9.192592157723423,0.2319,0.10634338825207197,0.16312439311852128,0.2319,0.0,0.0,0.0,0.018,0.358,1.0,0.943,0.0,0.0,0.0,9,10
10.147040682478835,0.2777,0.1724335145220705,0.2151751928868511,0.2777,0.0,0.021,0.0,0.0,0.0,0.0,0.0,0.981,0.994,0.781,10,10
8.679178676666162,0.3069,0.21646622327128764,0.2269396134267037,0.3069,0.0,0.385,0.0,0.0,0.0,0.0,0.0,0.994,0.991,0.699,11,10
9.0926603128354,0.2981,0.1980360863300085,0.23296482587495104,0.2981,0.0,0.14,0.0,0.0,0.0,0.0,0.0,0.901,0.989,0.951,12,10
7.915549773377732,0.3295,0.23681521804086367,0.2786622144353855,0.3295,0.0,0.559,0.0,0.0,0.002,0.0,0.0,0.986,0.987,0.761,13,10
9.068385693973626,0.2967,0.20135681759059404,0.2310052754169,0.2967,0.0,0.206,0.0,0.0,0.0,0.0,0.0,0.985,0.989,0.787,14,10
4.197208546601926,0.4564,0.3622987458574308,0.4484978121572917,0.45640000000000003,0.894,0.881,0.958,0.721,0.0,0.117,0.0,0.903,0.0,0.09,0,11
4.170177521416173,0.4557,0.3506685899195033,0.4300417279916665,0.45569999999999994,0.751,0.831,0.966,0.91,0.0,0.199,0.0,0.887,0.0,0.013,1,11
4.546297476314508,0.4592,0.3604742624873403,0.4242437697605773,0.45920000000000005,0.709,0.916,0.973,0.899,0.0,0.191,0.0,0.903,0.0,0.001,2,11
9.857610742124125,0.2376,0.10596418274166446,0.16943196158301232,0.23759999999999998,0.0,0.0,0.0,0.001,0.979,1.0,0.396,0.0,0.0,0.0,3,11
9.085649111019537,0.2478,0.11344716165779664,0.1731214530054673,0.24780000000000002,0.0,0.0,0.0,0.004,0.942,1.0,0.532,0.0,0.0,0.0,4,11
10.423051668051333,0.2439,0.11391408663371509,0.07665599852000833,0.2439,0.0,0.0,0.0,0.0,0.528,0.999,0.912,0.0,0.0,0.0,5,11
9.097151259644725,0.2036,0.077982296133571,0.05234222119551115,0.2036,0.0,0.0,0.0,0.0,0.049,1.0,0.987,0.0,0.0,0.0,6,11
12.953890021997518,0.1493,0.05787362045491368,0.03933416774171585,0.14930000000000002,0.0,0.0,0.0,0.0,0.042,1.0,0.451,0.0,0.0,0.0,7,11
9.58692010294515,0.2506,0.11544535454776841,0.0755302146220268,0.25060000000000004,0.0,0.0,0.0,0.0,0.646,0.999,0.861,0.0,0.0,0.0,8,11
9.257314113763194,0.23,0.10323098186291754,0.1685669050862077,0.22999999999999998,0.0,0.0,0.0,0.001,0.356,1.0,0.943,0.0,0.0,0.0,9,11
10.059902876710739,0.2812,0.17996759215891706,0.32612252314021273,0.2812,0.0,0.065,0.0,0.0,0.0,0.001,0.0,0.984,0.994,0.768,10,11
8.156454881540121,0.3383,0.24347500699773167,0.2766516060461249,0.3383,0.0,0.653,0.0,0.0,0.003,0.0,0.0,0.989,0.992,0.746,11,11
9.254780423526947,0.3154,0.22158475851896114,0.28536804668766774,0.3154,0.0,0.307,0.0,0.0,0.002,0.0,0.0,0.922,0.989,0.934,12,11
8.320096578841772,0.3375,0.24398378781003865,0.4095861067275884,0.3375,0.0,0.621,0.0,0.0,0.004,0.001,0.0,0.984,0.988,0.777,13,11
8.823040058818489,0.3216,0.23055100169413376,0.2816848056053014,0.3216,0.0,0.458,0.0,0.0,0.004,0.0,0.0,0.986,0.989,0.779,14,11
4.238717541527063,0.4561,0.36676177294906187,0.3608266198883692,0.4561,0.915,0.868,0.95,0.698,0.0,0.699,0.0,0.431,0.0,0.0,0,12
4.287815654620576,0.4539,0.3456668055002526,0.35660083812282345,0.45389999999999997,0.786,0.911,0.969,0.884,0.0,0.806,0.0,0.183,0.0,0.0,1,12
4.819681835631593,0.4398,0.32936134674809203,0.3710696360569802,0.43979999999999997,0.675,0.918,0.972,0.904,0.0,0.875,0.0,0.054,0.0,0.0,2,12
9.687385598691508,0.2384,0.10701690844964325,0.16945061660170563,0.2384,0.0,0.0,0.0,0.005,0.981,1.0,0.398,0.0,0.0,0.0,3,12
8.898750622051592,0.2435,0.11111982700320862,0.17165225938448114,0.24349999999999997,0.0,0.0,0.0,0.005,0.958,0.999,0.473,0.0,0.0,0.0,4,12
10.064285366679913,0.2501,0.11742227136467669,0.07860281060738698,0.2501,0.0,0.0,0.0,0.0,0.613,1.0,0.888,0.0,0.0,0.0,5,12
8.943415096392647,0.2014,0.075127896766406,0.048833226373282676,0.20140000000000002,0.0,0.0,0.0,0.0,0.022,1.0,0.992,0.0,0.0,0.0,6,12
11.240995216674317,0.256,0.11833232515346395,0.07737442885542792,0.256,0.0,0.0,0.0,0.0,0.786,1.0,0.774,0.0,0.0,0.0,7,12
9.521472615555833,0.2483,0.11451762450352773,0.17523251812687132,0.24829999999999997,0.0,0.0,0.0,0.001,0.587,0.999,0.896,0.0,0.0,0.0,8,12
9.24341568017539,0.2366,0.1092456787176137,0.1713408229069611,0.2366,0.0,0.0,0.0,0.011,0.424,1.0,0.931,0.0,0.0,0.0,9,12
9.35133882681021,0.2873,0.18690438535789658,0.2291827092868428,0.2873,0.0,0.093,0.0,0.0,0.0,0.0,0.0,0.98,0.994,0.806,10,12
8.366048380208854,0.3295,0.2368759646717839,0.2947220995477181,0.3295,0.0,0.564,0.0,0.0,0.002,0.0,0.0,0.99,0.991,0.748,11,12
9.05574564126353,0.3106,0.21656883265238794,0.26706346083955623,0.3106,0.0,0.284,0.0,0.0,0.001,0.0,0.0,0.875,0.989,0.957,12,12
8.242546679493719,0.3381,0.24391817638814448,0.28589642618224825,0.3381,0.0,0.635,0.0,0.0,0.004,0.0,0.0,0.988,0.988,0.766,13,12
8.786860466003418,0.3111,0.21914234359924145,0.26561045805164496,0.31110000000000004,0.0,0.352,0.0,0.0,0.001,0.0,0.0,0.987,0.99,0.781,14,12
4.13224856883954,0.4846,0.4032845607186505,0.4528537430670755,0.48460000000000003,0.913,0.871,0.949,0.732,0.0,0.215,0.0,0.907,0.0,0.259,0,13
4.0801188728679865,0.5013,0.41605576843470127,0.450050824901835,0.5013,0.782,0.924,0.968,0.872,0.0,0.27,0.0,0.899,0.0,0.298,1,13
4.524215236639443,0.4744,0.384284726269803,0.44397020747562504,0.47440000000000004,0.666,0.916,0.972,0.91,0.0,0.309,0.0,0.915,0.0,0.056,2,13
9.736134906927237,0.2417,0.11011150697402468,0.17044426225153217,0.24169999999999997,0.0,0.0,0.0,0.012,0.972,1.0,0.433,0.0,0.0,0.0,3,13
9.597346555691557,0.2467,0.11273654506019697,0.1731740689481288,0.2467,0.0,0.0,0.0,0.001,0.947,0.999,0.52,0.0,0.0,0.0,4,13
10.259521552929863,0.2446,0.11446894628854723,0.0773411823963839,0.2446,0.0,0.0,0.0,0.0,0.523,0.999,0.924,0.0,0.0,0.0,5,13
8.928577301220392,0.2088,0.08399906205240708,0.0586843330216996,0.2088,0.0,0.0,0.0,0.0,0.105,1.0,0.983,0.0,0.0,0.0,6,13
10.701223027591888,0.257,0.11887613839799001,0.07770740570519571,0.257,0.0,0.0,0.0,0.0,0.822,1.0,0.748,0.0,0.0,0.0,7,13
9.908576590565447,0.2471,0.11368983064150558,0.07494311737927231,0.24710000000000001,0.0,0.0,0.0,0.0,0.569,1.0,0.902,0.0,0.0,0.0,8,13
9.246565521715548,0.2426,0.11159794311885347,0.17372543617609096,0.2426,0.0,0.0,0.0,0.004,0.502,1.0,0.92,0.0,0.0,0.0,9,13
9.59698674625482,0.2968,0.2030174873417258,0.43333141429077926,0.2968,0.0,0.173,0.0,0.0,0.001,0.013,0.0,0.979,0.994,0.808,10,13
7.894089017051478,0.3425,0.24720419601998822,0.4762954536061802,0.34249999999999997,0.0,0.703,0.0,0.001,0.007,0.002,0.0,0.992,0.991,0.729,11,13
8.966396127645961,0.3283,0.2358990309086076,0.3861818406938462,0.32830000000000004,0.0,0.437,0.0,0.0,0.003,0.001,0.0,0.903,0.989,0.95,12,13
7.913446399731377,0.3486,0.25289774467063236,0.49325116703685695,0.34859999999999997,0.0,0.711,0.0,0.003,0.007,0.003,0.0,0.982,0.988,0.792,13,13
8.544565244985465,0.331,0.23904536327655732,0.2920102674787764,0.331,0.0,0.546,0.0,0.0,0.006,0.0,0.0,0.99,0.99,0.778,14,13
4.322718156412387,0.47,0.37652558373937045,0.3658654991148708,0.4699999999999999,0.902,0.878,0.958,0.748,0.0,0.762,0.0,0.452,0.0,0.0,0,14
4.263989738382089,0.4617,0.3585358065099078,0.3543215430774095,0.4617000000000001,0.761,0.866,0.97,0.904,0.0,0.807,0.0,0.309,0.0,0.0,1,14
4.688333820992003,0.446,0.3402796058372336,0.3774059132477593,0.446,0.657,0.915,0.973,0.909,0.0,0.895,0.0,0.111,0.0,0.0,2,14
9.546226315604994,0.2416,0.11000180450951542,0.17044953237727495,0.24159999999999998,0.0,0.0,0.0,0.011,0.973,1.0,0.432,0.0,0.0,0.0,3,14
9.09011162279513,0.2523,0.11593757435840209,0.17506832471134315,0.25229999999999997,0.0,0.0,0.0,0.002,0.931,1.0,0.59,0.0,0.0,0.0,4,14
10.140591426398426,0.2472,0.11619492965948128,0.0784893502749853,0.2472,0.0,0.0,0.0,0.0,0.555,0.999,0.918,0.0,0.0,0.0,5,14
8.924327889951273,0.2066,0.08153577306581845,0.05533702004244334,0.20659999999999998,0.0,0.0,0.0,0.0,0.078,1.0,0.988,0.0,0.0,0.0,6,14
10.414679265250793,0.2576,0.11889936744785648,0.07755151838971015,0.2576,0.0,0.0,0.0,0.0,0.835,1.0,0.741,0.0,0.0,0.0,7,14
9.533711619270495,0.2515,0.11600472377692708,0.07624237378961382,0.2515,0.0,0.0,0.0,0.0,0.627,1.0,0.888,0.0,0.0,0.0,8,14
8.838205448735636,0.2378,0.11246290551604281,0.17259507208536395,0.2378,0.0,0.0,0.0,0.023,0.412,1.0,0.943,0.0,0.0,0.0,9,14
9.471803910435199,0.2909,0.19351285145200176,0.23095559600376364,0.29090000000000005,0.0,0.139,0.0,0.0,0.0,0.0,0.0,0.985,0.994,0.791,10,14
8.19371486700381,0.339,0.2447622388522067,0.37846631770012706,0.339,0.0,0.66,0.0,0.003,0.003,0.0,0.0,0.994,0.992,0.738,11,14
9.031592263962134,0.3255,0.23269897539396966,0.2865597930646321,0.3255,0.0,0.405,0.0,0.0,0.002,0.0,0.0,0.916,0.989,0.943,12,14
8.172658834213648,0.3448,0.24913380449135278,0.28939742696149734,0.3448,0.0,0.7,0.0,0.0,0.006,0.0,0.0,0.988,0.988,0.766,13,14
8.645862661611538,0.3186,0.22691957860881162,0.25784163539554034,0.3186,0.0,0.421,0.0,0.0,0.001,0.0,0.0,0.987,0.989,0.788,14,14
4.0248978806379885,0.5029,0.42382929340827913,0.457524599506922,0.5029,0.907,0.878,0.954,0.758,0.0,0.232,0.0,0.915,0.0,0.385,0,15
3.9078849447420994,0.5143,0.42832140823848786,0.5444967656778752,0.5143000000000001,0.791,0.914,0.961,0.902,0.0,0.318,0.0,0.92,0.001,0.336,1,15
4.52054235082084,0.4815,0.3939024751438184,0.44243547472394235,0.48150000000000004,0.671,0.913,0.973,0.912,0.0,0.323,0.0,0.925,0.0,0.098,2,15
9.721123719748597,0.2424,0.10936440539500662,0.17085171871743438,0.2424,0.0,0.0,0.0,0.004,0.972,1.0,0.448,0.0,0.0,0.0,3,15
9.165282449021507,0.2529,0.1168411020955135,0.1750085977837455,0.2529,0.0,0.0,0.0,0.007,0.938,1.0,0.584,0.0,0.0,0.0,4,15
10.155888514777724,0.246,0.11565980140641792,0.07844132325543865,0.246,0.0,0.0,0.0,0.0,0.534,1.0,0.926,0.0,0.0,0.0,5,15
9.164889331062,0.2057,0.08115940502526633,0.05566804078558405,0.2057,0.0,0.0,0.0,0.0,0.071,1.0,0.986,0.0,0.0,0.0,6,15
10.359687789941367,0.2582,0.11932403867852688,0.0779307408344099,0.2582,0.0,0.0,0.0,0.0,0.83,1.0,0.752,0.0,0.0,0.0,7,15
9.961342554122876,0.248,0.11425678021173238,0.0753307579082096,0.248,0.0,0.0,0.0,0.0,0.579,0.999,0.902,0.0,0.0,0.0,8,15
9.34744610496984,0.2431,0.11159661480446634,0.17381885460695407,0.2431,0.0,0.0,0.0,0.003,0.505,1.0,0.923,0.0,0.0,0.0,9,15
9.4913906152256,0.2993,0.20733395729230852,0.4339627778394112,0.2993,0.0,0.209,0.0,0.0,0.001,0.013,0.0,0.983,0.994,0.793,10,15
7.508143798230936,0.3478,0.252284654371391,0.4756919343555538,0.3478,0.0,0.749,0.0,0.01,0.008,0.006,0.0,0.995,0.991,0.719,11,15
8.578765785351347,0.3399,0.24732547260199694,0.39822222415595665,0.3399,0.0,0.535,0.0,0.0,0.008,0.004,0.0,0.917,0.989,0.946,12,15
8.062722804828192,0.3504,0.25552217068470695,0.4980297777612884,0.3504,0.0,0.719,0.0,0.004,0.006,0.009,0.0,0.987,0.99,0.789,13,15
8.372995657661852,0.3387,0.24570362900237663,0.39142464908721064,0.3387,0.0,0.61,0.0,0.0,0.007,0.001,0.0,0.99,0.99,0.789,14,15
4.260670850833003,0.478,0.3834708671378581,0.36451342318685553,0.47800000000000004,0.895,0.874,0.956,0.797,0.0,0.747,0.0,0.511,0.0,0.0,0,16
4.043658750506635,0.4803,0.3759393450896513,0.35904911265114114,0.4803,0.78,0.918,0.963,0.905,0.0,0.848,0.0,0.389,0.0,0.0,1,16
4.907802229110425,0.4489,0.3345243480129242,0.378270188212955,0.44889999999999997,0.697,0.917,0.971,0.911,0.0,0.946,0.0,0.047,0.0,0.0,2,16
9.539193258498804,0.2483,0.11527199022936038,0.17258353820692549,0.24830000000000002,0.0,0.0,0.0,0.019,0.958,1.0,0.506,0.0,0.0,0.0,3,16
9.028826832390441,0.2498,0.11496737893203349,0.17382578200447635,0.24979999999999997,0.0,0.0,0.0,0.007,0.953,1.0,0.538,0.0,0.0,0.0,4,16
9.797093560520452,0.2525,0.11965560524557488,0.18007924651638435,0.25250000000000006,0.0,0.0,0.0,0.003,0.616,1.0,0.906,0.0,0.0,0.0,5,16
8.955267543609912,0.2132,0.08938658427954774,0.06209146342566878,0.2132,0.0,0.0,0.0,0.0,0.153,1.0,0.979,0.0,0.0,0.0,6,16
10.598540703709514,0.2589,0.11977569192797446,0.0782678563136675,0.2589,0.0,0.0,0.0,0.0,0.82,1.0,0.769,0.0,0.0,0.0,7,16
9.904262251747301,0.2521,0.11665073533353645,0.07692297988492432,0.2521,0.0,0.0,0.0,0.0,0.626,1.0,0.895,0.0,0.0,0.0,8,16
9.109969870350993,0.241,0.11074573691052839,0.17268746391200743,0.24099999999999996,0.0,0.0,0.0,0.006,0.477,1.0,0.927,0.0,0.0,0.0,9,16
9.0649545946822,0.3071,0.21409771288628937,0.33482494659350887,0.3071,0.0,0.268,0.0,0.0,0.001,0.0,0.0,0.983,0.994,0.825,10,16
7.96400164110592,0.345,0.25003127281645154,0.3884838381697467,0.345,0.0,0.704,0.0,0.007,0.006,0.0,0.0,0.995,0.992,0.746,11,16
8.727638384785514,0.3336,0.2409816942988404,0.2801360855996114,0.3336,0.0,0.484,0.0,0.0,0.003,0.0,0.0,0.925,0.989,0.935,12,16
7.989109919094049,0.3485,0.25220894434672236,0.3852457280962733,0.3485,0.0,0.717,0.0,0.001,0.006,0.0,0.0,0.988,0.99,0.783,13,16
8.606738693797931,0.3237,0.23202557319293696,0.2765202772721547,0.3237,0.0,0.458,0.0,0.0,0.003,0.0,0.0,0.987,0.989,0.8,14,16
4.073465745098675,0.5048,0.4242192722396183,0.4589356225965734,0.5048,0.899,0.873,0.955,0.798,0.0,0.282,0.0,0.927,0.0,0.314,0,17
3.875936140648473,0.5183,0.43304910917356515,0.5357636379880881,0.5183000000000001,0.801,0.874,0.963,0.9,0.0,0.422,0.0,0.917,0.001,0.305,1,17
4.449659308686424,0.5057,0.4264882990469192,0.5445279781828148,0.5057,0.722,0.917,0.972,0.905,0.0,0.383,0.0,0.919,0.001,0.238,2,17
9.475848386843746,0.2465,0.11312761848513334,0.16450783515058723,0.2465,0.0,0.0,0.0,0.012,0.962,1.0,0.491,0.0,0.0,0.0,3,17
8.9269088281991,0.2502,0.11601010138003498,0.166243122050488,0.2502,0.0,0.0,0.0,0.012,0.953,1.0,0.537,0.0,0.0,0.0,4,17
9.96109159457417,0.2527,0.11906605293903502,0.0800859082678439,0.25270000000000004,0.0,0.0,0.0,0.0,0.619,1.0,0.908,0.0,0.0,0.0,5,17
9.043216889658675,0.2085,0.08407065028215419,0.05796905898543392,0.2085,0.0,0.0,0.0,0.0,0.099,1.0,0.986,0.0,0.0,0.0,6,17
10.190696553300365,0.2598,0.12072773016014651,0.17872715973624592,0.2598,0.0,0.0,0.0,0.002,0.816,1.0,0.78,0.0,0.0,0.0,7,17
10.03665974345832,0.2514,0.11609047741457075,0.07646471077180945,0.25139999999999996,0.0,0.0,0.0,0.0,0.618,1.0,0.896,0.0,0.0,0.0,8,17
9.038640456458632,0.244,0.11292806529028321,0.17431903697400944,0.244,0.0,0.0,0.0,0.006,0.511,1.0,0.923,0.0,0.0,0.0,9,17
9.209563077067415,0.3087,0.221199179020021,0.3870679555431482,0.3087,0.0,0.293,0.0,0.0,0.002,0.022,0.0,0.983,0.994,0.793,10,17
7.805432205383008,0.346,0.2519113472853345,0.47696797700028526,0.346,0.0,0.75,0.0,0.007,0.009,0.01,0.0,0.997,0.992,0.695,11,17
8.392117392140836,0.3473,0.25386103054114806,0.4040432163657841,0.3473,0.0,0.605,0.0,0.0,0.008,0.006,0.0,0.922,0.988,0.944,12,17
7.708643348834005,0.354,0.257861656633276,0.48948894680774513,0.354,0.0,0.757,0.0,0.005,0.007,0.008,0.0,0.989,0.988,0.786,13,17
7.9388175505799605,0.3426,0.24882055183397309,0.4800653201152687,0.3426,0.0,0.635,0.0,0.001,0.007,0.002,0.0,0.989,0.991,0.801,14,17
4.190145664702589,0.4785,0.3818701468916651,0.3696888275967553,0.47850000000000004,0.911,0.869,0.95,0.782,0.0,0.82,0.0,0.453,0.0,0.0,0,18
4.089628892584731,0.4759,0.369640419176594,0.3659147528077876,0.47589999999999993,0.824,0.916,0.967,0.872,0.0,0.876,0.0,0.304,0.0,0.0,1,18
4.657682398256783,0.4739,0.3764207660100344,0.38520189679955763,0.4739,0.723,0.918,0.973,0.909,0.0,0.909,0.0,0.307,0.0,0.0,2,18
9.599694998500446,0.2466,0.11353036899640886,0.17202508763749558,0.2466,0.0,0.0,0.0,0.015,0.967,1.0,0.484,0.0,0.0,0.0,3,18
8.90883462040569,0.2556,0.11915698524863952,0.17583213391872454,0.2556,0.0,0.0,0.0,0.012,0.937,1.0,0.607,0.0,0.0,0.0,4,18
9.598829659410178,0.2528,0.12004598962177168,0.18045967606016303,0.2528,0.0,0.0,0.0,0.004,0.611,1.0,0.913,0.0,0.0,0.0,5,18
8.675412174992667,0.2242,0.09931162425985517,0.16908571977561793,0.2242,0.0,0.0,0.0,0.001,0.269,1.0,0.972,0.0,0.0,0.0,6,18
10.127747857151702,0.2601,0.12165441672572494,0.17893938787619987,0.2601,0.0,0.0,0.0,0.006,0.793,1.0,0.802,0.0,0.0,0.0,7,18
9.732858493305242,0.2503,0.11588749145217625,0.17647855932644932,0.25029999999999997,0.0,0.0,0.0,0.001,0.595,1.0,0.907,0.0,0.0,0.0,8,18
8.746530240336165,0.2466,0.11792433719628144,0.17170080785166708,0.2466,0.0,0.0,0.0,0.028,0.506,1.0,0.932,0.0,0.0,0.0,9,18
9.039007803883415,0.308,0.21638378198239563,0.33499286834214315,0.308,0.0,0.295,0.0,0.0,0.001,0.0,0.0,0.985,0.994,0.805,10,18
7.652063936471177,0.3518,0.255550390400047,0.3856372446855861,0.3518,0.0,0.727,0.0,0.009,0.006,0.0,0.0,0.993,0.992,0.791,11,18
8.277862417812164,0.3448,0.25059781624625177,0.2838585399342023,0.3448,0.0,0.586,0.0,0.0,0.007,0.0,0.0,0.926,0.988,0.941,12,18
7.140289847462322,0.3577,0.25785673154181754,0.42301489720036967,0.3577,0.001,0.799,0.0,0.004,0.008,0.0,0.0,0.989,0.986,0.79,13,18
8.151675429968789,0.3288,0.23706400364645858,0.2885157141379404,0.3288,0.0,0.505,0.0,0.0,0.006,0.0,0.0,0.99,0.99,0.797,14,18
4.090788349937707,0.5206,0.44258292618220196,0.46250766042071306,0.5206000000000001,0.916,0.881,0.949,0.797,0.0,0.332,0.0,0.925,0.0,0.406,0,19
3.922857701968842,0.5273,0.4444265918468774,0.5374896018412654,0.5273000000000001,0.787,0.855,0.959,0.92,0.0,0.46,0.0,0.91,0.001,0.381,1,19
4.441079545325746,0.524,0.44933409577266226,0.5519013364494824,0.5240000000000001,0.722,0.91,0.973,0.911,0.0,0.413,0.0,0.929,0.001,0.381,2,19
9.36424476422441,0.2456,0.11251826706888768,0.1717612772458561,0.24559999999999998,0.0,0.0,0.0,0.012,0.969,1.0,0.475,0.0,0.0,0.0,3,19
8.953588846773386,0.2499,0.1166143343796497,0.1732846269010629,0.2499,0.0,0.0,0.0,0.02,0.957,1.0,0.522,0.0,0.0,0.0,4,19
9.667168085567486,0.2533,0.11911522885114256,0.08012965069350972,0.25329999999999997,0.0,0.0,0.0,0.0,0.621,1.0,0.912,0.0,0.0,0.0,5,19
8.637664532889954,0.2218,0.09806805406767435,0.16957305609422707,0.2218,0.0,0.001,0.0,0.0,0.244,1.0,0.973,0.0,0.0,0.0,6,19
9.755153872334539,0.2611,0.12210840344403313,0.166466416545549,0.2611,0.0,0.0,0.0,0.007,0.817,1.0,0.787,0.0,0.0,0.0,7,19
9.914277558128674,0.2542,0.11760870111771464,0.07743345037675209,0.2542,0.0,0.0,0.0,0.0,0.646,1.0,0.896,0.0,0.0,0.0,8,19
8.866264608340522,0.247,0.11540353107410903,0.17568223954439627,0.24699999999999997,0.0,0.0,0.0,0.01,0.536,1.0,0.924,0.0,0.0,0.0,9,19
8.871718044098193,0.3205,0.23373275543476515,0.38825634605937,0.32049999999999995,0.0,0.386,0.0,0.0,0.002,0.024,0.0,0.981,0.994,0.818,10,19
7.4794225083372465,0.3521,0.2580828021405947,0.47829260562602477,0.35209999999999997,0.0,0.767,0.0,0.014,0.009,0.015,0.0,0.995,0.992,0.729,11,19
7.992951150900259,0.3527,0.25791486546901077,0.393539445641773,0.3527,0.0,0.655,0.0,0.0,0.008,0.009,0.0,0.915,0.988,0.952,12,19
7.719317440026865,0.3555,0.2592564666669163,0.5289279823389991,0.35550000000000004,0.001,0.749,0.0,0.002,0.006,0.01,0.0,0.986,0.992,0.809,13,19
7.995765958731167,0.3419,0.2487793082275256,0.48055595839708565,0.3419,0.0,0.629,0.0,0.003,0.007,0.002,0.0,0.993,0.991,0.794,14,19
4.1380456567953185,0.4857,0.38847174834536025,0.4398127241017349,0.4856999999999999,0.922,0.877,0.95,0.79,0.0,0.82,0.0,0.491,0.0,0.007,0,20
4.062527027754738,0.4913,0.3838291492230248,0.3670745068046619,0.4913,0.824,0.902,0.951,0.921,0.0,0.914,0.0,0.401,0.0,0.0,1,20
4.548844728226098,0.4814,0.38084214415422024,0.38354909458634967,0.4814,0.741,0.919,0.967,0.915,0.0,0.941,0.0,0.331,0.0,0.0,2,20
9.201533539988363,0.2516,0.11761709345193401,0.1694037986593484,0.2516,0.0,0.0,0.0,0.022,0.955,1.0,0.539,0.0,0.0,0.0,3,20
8.810793879694833,0.2526,0.11728397296340243,0.17463890868721163,0.25260000000000005,0.0,0.0,0.0,0.012,0.952,1.0,0.562,0.0,0.0,0.0,4,20
9.455966125281094,0.2541,0.12010957314746269,0.18075889896290145,0.2541,0.0,0.0,0.0,0.001,0.623,1.0,0.917,0.0,0.0,0.0,5,20
8.555795800571625,0.2217,0.09721155792677019,0.16723327762447424,0.2217,0.0,0.0,0.0,0.001,0.24,1.0,0.976,0.0,0.0,0.0,6,20
9.561756740362881,0.2641,0.1273176191002612,0.17332524308959435,0.2641,0.0,0.0,0.0,0.032,0.829,1.0,0.78,0.0,0.0,0.0,7,20
9.485137144216715,0.254,0.11785200859390368,0.17760628603535297,0.254,0.0,0.0,0.0,0.001,0.641,1.0,0.898,0.0,0.0,0.0,8,20
8.494563358660324,0.2493,0.11986437135398606,0.20636629781470503,0.2493,0.0,0.002,0.0,0.026,0.536,1.0,0.929,0.0,0.0,0.0,9,20
8.68434127527304,0.3174,0.22614739795578145,0.28627450284242995,0.3174,0.0,0.37,0.0,0.0,0.002,0.0,0.0,0.986,0.994,0.822,10,20
7.40244300144549,0.3577,0.2602020552769665,0.3805572278746557,0.3577,0.0,0.768,0.0,0.016,0.006,0.0,0.0,0.991,0.992,0.804,11,20
7.858545489966298,0.3486,0.25370005798496587,0.2906580006188344,0.34859999999999997,0.0,0.621,0.0,0.0,0.008,0.0,0.0,0.925,0.988,0.944,12,20
7.579835983130117,0.3552,0.2574559257096407,0.4293129527362966,0.35520000000000007,0.001,0.752,0.0,0.0,0.007,0.001,0.0,0.987,0.992,0.812,13,20
8.049873905060009,0.3362,0.24362920650486136,0.3448446931300711,0.3362,0.001,0.57,0.0,0.0,0.006,0.0,0.0,0.99,0.99,0.805,14,20
4.127590421099251,0.5245,0.4505648610243564,0.4669252911080248,0.5245,0.928,0.864,0.949,0.785,0.0,0.395,0.0,0.905,0.0,0.419,0,21
3.843559425669356,0.5577,0.4744413447224559,0.5475849885282057,0.5577,0.856,0.913,0.951,0.902,0.0,0.548,0.0,0.878,0.001,0.528,1,21
4.286778976170781,0.5441,0.47074638909993666,0.5610798768236801,0.5441,0.744,0.921,0.973,0.908,0.0,0.453,0.0,0.92,0.001,0.521,2,21
8.888093552269494,0.2522,0.11850770880129227,0.17007392040369168,0.2522,0.0,0.0,0.0,0.026,0.961,1.0,0.535,0.0,0.0,0.0,3,21
8.77618780227515,0.2557,0.12056905436714789,0.17129326183028698,0.2557,0.0,0.0,0.0,0.024,0.949,1.0,0.584,0.0,0.0,0.0,4,21
9.500171566923587,0.2551,0.12027522153717203,0.18072578328020017,0.2551,0.0,0.0,0.0,0.001,0.635,1.0,0.915,0.0,0.0,0.0,5,21
8.52807268014731,0.223,0.09858306785546744,0.06927563160610552,0.223,0.0,0.0,0.0,0.0,0.254,1.0,0.976,0.0,0.0,0.0,6,21
9.385375216365242,0.2637,0.1251911225901786,0.1743473737694788,0.26369999999999993,0.0,0.0,0.0,0.018,0.832,1.0,0.787,0.0,0.0,0.0,7,21
9.743686401805938,0.2572,0.11933797871294105,0.0785602989426201,0.2572,0.0,0.0,0.0,0.0,0.68,1.0,0.892,0.0,0.0,0.0,8,21
8.83013836491984,0.2525,0.12037506570810068,0.17300653351478928,0.2525,0.0,0.0,0.0,0.021,0.586,1.0,0.918,0.0,0.0,0.0,9,21
8.83197364182518,0.3171,0.23307563847355084,0.37862568600999846,0.31710000000000005,0.0,0.386,0.0,0.0,0.002,0.032,0.0,0.986,0.994,0.771,10,21
7.290737539053725,0.3552,0.261221789072682,0.4787945200762156,0.3552,0.0,0.784,0.0,0.013,0.01,0.022,0.0,0.996,0.992,0.735,11,21
7.755048869136043,0.3531,0.2589029437069056,0.39409399845917487,0.3531,0.0,0.662,0.0,0.0,0.008,0.012,0.0,0.908,0.988,0.953,12,21
7.353821816154943,0.3604,0.2638175115294635,0.5303926431216446,0.3604,0.001,0.771,0.0,0.002,0.006,0.017,0.0,0.985,0.992,0.83,13,21
7.748349724486232,0.3449,0.25165368751129086,0.5347426667087171,0.34490000000000004,0.001,0.644,0.0,0.003,0.008,0.004,0.0,0.994,0.99,0.805,14,21
4.248124394934779,0.4829,0.3838084374542607,0.43951554866818193,0.4829,0.923,0.876,0.948,0.819,0.0,0.842,0.0,0.413,0.0,0.008,0,22
3.965388723455679,0.5056,0.40839322024463015,0.45742894576398063,0.5055999999999999,0.847,0.911,0.959,0.897,0.0,0.888,0.0,0.467,0.0,0.087,1,22
4.357790225610946,0.4862,0.38677489897650463,0.3985198042068685,0.4862000000000001,0.757,0.922,0.968,0.913,0.0,0.936,0.0,0.365,0.0,0.001,2,22
8.689126721586282,0.2546,0.11990206112626452,0.17099749384529686,0.2546,0.0,0.0,0.0,0.026,0.955,1.0,0.565,0.0,0.0,0.0,3,22
8.315796108672414,0.2563,0.12060003168823759,0.17545703195176854,0.25630000000000003,0.0,0.0,0.0,0.023,0.95,1.0,0.59,0.0,0.0,0.0,4,22
8.85247596155721,0.2581,0.12394469522634781,0.18159036221721328,0.2581,0.0,0.0,0.0,0.012,0.666,1.0,0.903,0.0,0.0,0.0,5,22
8.000811762703112,0.2375,0.11042388172452007,0.17611098487191343,0.2375,0.0,0.0,0.0,0.005,0.407,1.0,0.963,0.0,0.0,0.0,6,22
9.11874062565569,0.2641,0.12588056715225301,0.17509465835063173,0.2641,0.0,0.0,0.0,0.024,0.854,1.0,0.763,0.0,0.0,0.0,7,22
9.27421204502971,0.2574,0.11952350132025906,0.17851433378561937,0.25739999999999996,0.0,0.0,0.0,0.001,0.682,1.0,0.891,0.0,0.0,0.0,8,22
8.360637489599162,0.255,0.12625439542834072,0.21423817267667483,0.255,0.0,0.002,0.0,0.047,0.577,1.0,0.924,0.0,0.0,0.0,9,22
8.407234967326204,0.3237,0.23283454374942503,0.27060872548794607,0.3237,0.0,0.428,0.0,0.0,0.002,0.0,0.0,0.986,0.994,0.827,10,22
7.146447183986822,0.3598,0.2622724833292639,0.3761130001447866,0.3598,0.0,0.79,0.0,0.02,0.007,0.0,0.0,0.992,0.992,0.797,11,22
7.51544738958438,0.3534,0.25723311821519323,0.29431476537842627,0.3534,0.0,0.667,0.0,0.0,0.008,0.0,0.0,0.921,0.988,0.95,12,22
7.2480929910946195,0.3601,0.2611507282374203,0.5290713359475647,0.3601,0.001,0.784,0.0,0.003,0.006,0.003,0.0,0.988,0.992,0.824,13,22
7.744730689655097,0.3354,0.2429204932570655,0.2782461368817331,0.33540000000000003,0.0,0.559,0.0,0.0,0.006,0.0,0.0,0.993,0.99,0.806,14,22
3.987573067981976,0.5502,0.475683948283023,0.4710386261012623,0.5502,0.928,0.877,0.949,0.807,0.0,0.464,0.0,0.9,0.0,0.577,0,23
3.7220264867471813,0.5649,0.4796263210209116,0.5490603464115097,0.5649000000000001,0.877,0.912,0.946,0.904,0.0,0.554,0.0,0.888,0.001,0.567,1,23
4.140746545867798,0.5572,0.48222456706854916,0.5327336105093501,0.5571999999999999,0.76,0.926,0.972,0.904,0.0,0.524,0.0,0.929,0.002,0.555,2,23
8.688799550358098,0.2549,0.11883518204463665,0.1695212591151397,0.2549,0.0,0.0,0.0,0.017,0.951,1.0,0.581,0.0,0.0,0.0,3,23
8.357577745906841,0.254,0.11914014748472317,0.1746722445456343,0.25399999999999995,0.0,0.0,0.0,0.022,0.957,1.0,0.561,0.0,0.0,0.0,4,23
9.102514556421639,0.2577,0.1218166402898069,0.18090444639197895,0.2577,0.0,0.0,0.0,0.004,0.673,1.0,0.9,0.0,0.0,0.0,5,23
8.272029261238659,0.2347,0.10770503941352534,0.17473838902071231,0.2347,0.0,0.001,0.0,0.0,0.378,1.0,0.968,0.0,0.0,0.0,6,23
9.106442632766578,0.2649,0.12641078996112393,0.1755992896778867,0.2649,0.0,0.0,0.0,0.021,0.831,1.0,0.797,0.0,0.0,0.0,7,23
9.593796563986391,0.2584,0.1200382098600068,0.07909283112781723,0.2584,0.0,0.0,0.0,0.0,0.687,1.0,0.897,0.0,0.0,0.0,8,23
8.539272687686518,0.2548,0.12430981313818193,0.1883218538877513,0.2548,0.0,0.002,0.0,0.036,0.588,1.0,0.922,0.0,0.0,0.0,9,23
8.106437829355842,0.3325,0.24689241560663247,0.4824395569546221,0.33249999999999996,0.0,0.509,0.0,0.005,0.004,0.03,0.0,0.992,0.994,0.791,10,23
6.78383120332663,0.3593,0.26449523869345537,0.48306065349427135,0.3593,0.0,0.805,0.0,0.012,0.011,0.022,0.0,0.995,0.992,0.756,11,23
7.365982086132891,0.3573,0.26248866401584287,0.3916711573982713,0.3573,0.0,0.68,0.0,0.0,0.008,0.014,0.0,0.936,0.987,0.948,12,23
7.24461170278799,0.3631,0.26579400989663726,0.5308499623235834,0.36310000000000003,0.001,0.792,0.0,0.004,0.006,0.016,0.0,0.987,0.992,0.833,13,23
7.570730233725648,0.3479,0.25524038936632726,0.5523845129401838,0.3479,0.002,0.658,0.0,0.005,0.009,0.008,0.0,0.994,0.99,0.813,14,23
4.199950219343265,0.4887,0.39047356242941833,0.4572689215110281,0.48869999999999997,0.925,0.879,0.95,0.817,0.0,0.895,0.0,0.375,0.0,0.046,0,24
3.822885599189673,0.5188,0.425254663697582,0.46255484016079845,0.5187999999999999,0.863,0.916,0.951,0.904,0.0,0.905,0.0,0.493,0.0,0.156,1,24
4.368951515648693,0.4857,0.38464368348904315,0.3855105829429033,0.4857,0.758,0.925,0.969,0.908,0.0,0.959,0.0,0.338,0.0,0.0,2,24
8.440686547337249,0.2555,0.12053125790535368,0.17505613702120545,0.25549999999999995,0.0,0.0,0.0,0.026,0.947,1.0,0.582,0.0,0.0,0.0,3,24
8.00844670256106,0.2534,0.11809248931281957,0.17475599966359517,0.25339999999999996,0.0,0.0,0.0,0.016,0.958,1.0,0.56,0.0,0.0,0.0,4,24
8.64630216226791,0.2618,0.1256600397914443,0.17540390419885984,0.2618,0.0,0.0,0.0,0.014,0.707,1.0,0.897,0.0,0.0,0.0,5,24
7.796157416444236,0.2379,0.1105668644943312,0.17626625606096485,0.2379,0.0,0.0,0.0,0.005,0.406,1.0,0.968,0.0,0.0,0.0,6,24
8.857766329670866,0.2663,0.12784652432091653,0.17666715236540081,0.26630000000000004,0.0,0.0,0.0,0.027,0.843,1.0,0.793,0.0,0.0,0.0,7,24
8.920454483824416,0.2572,0.11966491908237101,0.17887520795684925,0.2572,0.0,0.0,0.0,0.001,0.673,1.0,0.898,0.0,0.0,0.0,8,24
8.166435256933633,0.2563,0.12484679850806649,0.19539216296802336,0.25630000000000003,0.0,0.002,0.0,0.033,0.609,1.0,0.919,0.0,0.0,0.0,9,24
7.872357637356646,0.3319,0.24174449395448766,0.4757061673122756,0.3319,0.0,0.507,0.0,0.004,0.003,0.002,0.0,0.992,0.993,0.818,10,24
6.544492678139537,0.366,0.2681458658460207,0.3801164256454742,0.366,0.0,0.825,0.0,0.032,0.011,0.0,0.0,0.992,0.992,0.808,11,24
7.072963965967441,0.3564,0.25937703501855897,0.28412907197453807,0.3564,0.0,0.695,0.0,0.0,0.008,0.0,0.0,0.92,0.987,0.954,12,24
7.0948169703681625,0.3644,0.2648538205030687,0.5508280962510826,0.3644,0.002,0.808,0.0,0.004,0.007,0.004,0.0,0.986,0.992,0.841,13,24
7.253459276863561,0.3445,0.2503881152979553,0.432198569917729,0.3445,0.001,0.632,0.0,0.001,0.006,0.0,0.0,0.991,0.99,0.824,14,24
4.00069187662472,0.5672,0.4913083138787398,0.4750905927279576,0.5671999999999999,0.93,0.878,0.948,0.816,0.0,0.56,0.0,0.897,0.0,0.643,0,25
3.7494247205341207,0.5784,0.49374618235794643,0.558249815863521,0.5784,0.879,0.906,0.947,0.91,0.0,0.624,0.0,0.861,0.001,0.656,1,25
4.145182942620481,0.568,0.4930680952724577,0.5203740992561275,0.5680000000000001,0.761,0.923,0.968,0.913,0.0,0.586,0.0,0.903,0.001,0.625,2,25
8.362940865964555,0.2548,0.11818985265202744,0.17513402952364218,0.2548,0.0,0.0,0.0,0.013,0.952,1.0,0.583,0.0,0.0,0.0,3,25
7.856954885367006,0.2531,0.1184276349777397,0.17465801726541924,0.2531,0.0,0.0,0.0,0.019,0.959,1.0,0.553,0.0,0.0,0.0,4,25
8.798994583824571,0.262,0.12415423921173785,0.18215806374847898,0.262,0.0,0.0,0.0,0.005,0.714,1.0,0.901,0.0,0.0,0.0,5,25
7.812223231830536,0.2455,0.11641925108725512,0.26814743273723995,0.24549999999999997,0.0,0.001,0.0,0.008,0.488,1.0,0.958,0.0,0.0,0.0,6,25
8.90876592386264,0.2655,0.12402923803402437,0.18045654003704745,0.26549999999999996,0.0,0.0,0.0,0.005,0.856,1.0,0.794,0.0,0.0,0.0,7,25
9.196482740652066,0.2618,0.12168533971849885,0.08001973662900955,0.2618,0.0,0.0,0.0,0.0,0.726,1.0,0.892,0.0,0.0,0.0,8,25
8.202168825716257,0.256,0.12263099713662684,0.1944004868351691,0.256,0.0,0.001,0.0,0.022,0.619,1.0,0.918,0.0,0.0,0.0,9,25
7.730841264938014,0.3357,0.25066402979113234,0.47985725934784956,0.3357,0.0,0.557,0.0,0.005,0.005,0.034,0.0,0.994,0.994,0.768,10,25
6.05150411837398,0.369,0.2732571800615872,0.48081931332953554,0.36900000000000005,0.0,0.837,0.0,0.028,0.02,0.02,0.0,0.992,0.992,0.801,11,25
6.776051894544413,0.3618,0.2655134107508876,0.39015914189529727,0.3618,0.0,0.73,0.0,0.0,0.01,0.014,0.0,0.921,0.987,0.956,12,25
6.948612368525788,0.3677,0.2703090033118823,0.5525073325279863,0.36769999999999997,0.002,0.809,0.0,0.004,0.008,0.022,0.0,0.987,0.992,0.853,13,25
7.46136875045947,0.3486,0.2556654740757179,0.5406345675496085,0.34859999999999997,0.001,0.652,0.0,0.002,0.009,0.007,0.0,0.992,0.99,0.833,14,25
4.14265506907393,0.4925,0.39595209406934606,0.4659454655691948,0.4925,0.926,0.882,0.951,0.822,0.0,0.912,0.0,0.354,0.0,0.078,0,26
3.7124175297947355,0.5532,0.46764957180505196,0.4641306186131137,0.5532,0.918,0.912,0.94,0.884,0.0,0.88,0.0,0.603,0.0,0.395,1,26
4.295646637392501,0.4973,0.3995304073115099,0.4544282169482717,0.4972999999999999,0.766,0.925,0.968,0.915,0.0,0.947,0.0,0.429,0.0,0.023,2,26
8.094429281192085,0.2605,0.12220979431427632,0.17710580549850458,0.26049999999999995,0.0,0.0,0.0,0.018,0.945,1.0,0.642,0.0,0.0,0.0,3,26
7.487026516241007,0.2574,0.12086637298719576,0.17616223916455181,0.2574,0.0,0.0,0.0,0.019,0.951,1.0,0.604,0.0,0.0,0.0,4,26
8.38862385460363,0.2644,0.12565255594561958,0.18258872193547085,0.2644,0.0,0.0,0.0,0.007,0.749,1.0,0.888,0.0,0.0,0.0,5,26
7.588904039547466,0.2427,0.1152395983115407,0.17147067080582165,0.24269999999999997,0.0,0.0,0.0,0.014,0.448,1.0,0.965,0.0,0.0,0.0,6,26
8.557343265119071,0.2683,0.12857376902710432,0.18096557317602174,0.2683,0.0,0.0,0.0,0.025,0.859,1.0,0.799,0.0,0.0,0.0,7,26
8.679301849950235,0.2609,0.12157853595184967,0.08025305927909493,0.2609,0.0,0.0,0.0,0.0,0.711,1.0,0.898,0.0,0.0,0.0,8,26
7.865411100296167,0.2612,0.13104624849554866,0.21400767568115597,0.2612,0.0,0.006,0.0,0.053,0.633,1.0,0.92,0.0,0.0,0.0,9,26
7.664099039741979,0.339,0.24785366029968117,0.47832861845949487,0.33899999999999997,0.0,0.574,0.0,0.005,0.004,0.001,0.0,0.992,0.993,0.821,10,26
6.129500467556353,0.3682,0.27069231212836686,0.3799068317226291,0.36819999999999997,0.0,0.838,0.0,0.044,0.01,0.0,0.0,0.992,0.992,0.806,11,26
6.809314912881333,0.3581,0.26068025626055386,0.28772000404841747,0.3581,0.0,0.705,0.0,0.0,0.008,0.0,0.0,0.925,0.988,0.955,12,26
6.848985339125124,0.3668,0.2676222901739149,0.5682836247593306,0.3668,0.003,0.811,0.0,0.003,0.011,0.006,0.0,0.987,0.992,0.855,13,26
7.165149143328682,0.3443,0.2504240988654477,0.4266716289689657,0.3443,0.001,0.627,0.0,0.001,0.006,0.0,0.0,0.993,0.991,0.824,14,26
3.9582233406103455,0.5708,0.4952667657375283,0.4765341266932652,0.5708,0.933,0.882,0.951,0.813,0.0,0.599,0.0,0.875,0.0,0.655,0,27
3.716868293361542,0.5832,0.49786592604170155,0.46116064633959264,0.5832,0.9,0.904,0.941,0.905,0.0,0.663,0.0,0.846,0.0,0.673,1,27
4.130205785123685,0.577,0.5014693845574735,0.5267092043962608,0.5770000000000001,0.762,0.924,0.97,0.92,0.0,0.63,0.0,0.906,0.001,0.657,2,27
8.003490057997048,0.2601,0.1213025211410615,0.17711489890347015,0.2601,0.0,0.0,0.0,0.013,0.945,1.0,0.643,0.0,0.0,0.0,3,27
7.330432859853434,0.2578,0.12171112191874996,0.17614202158581677,0.25780000000000003,0.0,0.0,0.0,0.024,0.955,1.0,0.599,0.0,0.0,0.0,4,27
8.22802068478764,0.2648,0.125069919562263,0.18244277954901927,0.26480000000000004,0.0,0.0,0.0,0.004,0.753,1.0,0.891,0.0,0.0,0.0,5,27
7.500347350732968,0.2497,0.11792550775784431,0.18037692044033357,0.24970000000000003,0.0,0.0,0.0,0.003,0.543,1.0,0.951,0.0,0.0,0.0,6,27
8.456838059349183,0.2695,0.12958900362464665,0.18143980695133943,0.2695,0.0,0.0,0.0,0.027,0.86,1.0,0.808,0.0,0.0,0.0,7,27
8.698116569092479,0.2624,0.12224131880077127,0.08060258449846205,0.2624,0.0,0.0,0.0,0.0,0.724,1.0,0.9,0.0,0.0,0.0,8,27
8.025484676178271,0.262,0.12971383754108484,0.2123950963441643,0.262,0.0,0.004,0.0,0.044,0.658,1.0,0.914,0.0,0.0,0.0,9,27
7.509002252127797,0.3412,0.25531610947445554,0.4813471491218146,0.3412,0.0,0.577,0.0,0.01,0.005,0.032,0.0,0.995,0.994,0.799,10,27
5.982067226982726,0.3713,0.27798194254506703,0.5165445275940189,0.3713,0.001,0.837,0.0,0.041,0.019,0.026,0.0,0.993,0.993,0.803,11,27
6.441943742977545,0.3603,0.2641264056373691,0.3911591975434955,0.36029999999999995,0.0,0.736,0.0,0.0,0.012,0.011,0.0,0.89,0.988,0.966,12,27
6.717569165336438,0.3692,0.27067941193195705,0.5614323072626001,0.36920000000000003,0.003,0.815,0.0,0.004,0.008,0.016,0.0,0.989,0.992,0.865,13,27
7.26352081664454,0.3523,0.2598717471813215,0.558366666539185,0.35229999999999995,0.002,0.669,0.0,0.014,0.008,0.006,0.0,0.993,0.991,0.84,14,27
3.9474176833043084,0.5126,0.4256815596937515,0.4716880031016764,0.5126000000000001,0.932,0.884,0.95,0.828,0.0,0.908,0.0,0.408,0.0,0.216,0,28
3.5725522915395302,0.5658,0.4847566603098299,0.4725933228543157,0.5658000000000001,0.937,0.92,0.941,0.825,0.0,0.872,0.0,0.597,0.0,0.566,1,28
4.01919016499108,0.5164,0.4260400423398642,0.5677893692997955,0.5164,0.769,0.929,0.968,0.921,0.0,0.937,0.0,0.539,0.001,0.1,2,28
7.54822128801681,0.2611,0.12257689344103598,0.17733743820035336,0.2611,0.0,0.0,0.0,0.018,0.941,1.0,0.652,0.0,0.0,0.0,3,28
6.927793932418092,0.2646,0.12629041512495395,0.1750964407186264,0.2646,0.0,0.0,0.0,0.03,0.942,1.0,0.674,0.0,0.0,0.0,4,28
7.947670839084223,0.266,0.1257080551983624,0.182352882188509,0.26599999999999996,0.0,0.0,0.0,0.006,0.767,1.0,0.887,0.0,0.0,0.0,5,28
7.436036096213344,0.2554,0.12147931100936742,0.16897085473405268,0.25539999999999996,0.0,0.0,0.0,0.007,0.605,1.0,0.942,0.0,0.0,0.0,6,28
8.43289756470214,0.2687,0.12794047279913917,0.18151287715263015,0.2687,0.0,0.0,0.0,0.018,0.864,1.0,0.805,0.0,0.0,0.0,7,28
8.206712637465602,0.2636,0.12289258515858544,0.08103005908342938,0.2636,0.0,0.0,0.0,0.0,0.736,1.0,0.9,0.0,0.0,0.0,8,28
7.571912226204674,0.2665,0.1367983585998987,0.24367811326628136,0.26650000000000007,0.0,0.023,0.0,0.056,0.667,1.0,0.919,0.0,0.0,0.0,9,28
7.401409240576406,0.3347,0.24482279987532465,0.5271171979750038,0.3347,0.001,0.563,0.0,0.005,0.004,0.003,0.0,0.995,0.993,0.783,10,28
5.904148951886942,0.3722,0.27410001483589597,0.4294049353484496,0.3722,0.002,0.849,0.0,0.048,0.01,0.0,0.0,0.993,0.992,0.828,11,28
6.399987009767527,0.3614,0.26372942472193145,0.4353036026038467,0.3614,0.001,0.733,0.0,0.0,0.008,0.003,0.0,0.923,0.988,0.958,12,28
6.722048302428029,0.3694,0.27069866065082826,0.5475213130827891,0.3694,0.003,0.814,0.0,0.009,0.01,0.006,0.0,0.987,0.992,0.873,13,28
7.036658638963304,0.3468,0.2532094477629264,0.43517507924115045,0.3468,0.001,0.624,0.0,0.004,0.008,0.0,0.0,0.993,0.991,0.847,14,28
3.8607890573553383,0.584,0.5074440428140385,0.4825795950854264,0.5839999999999999,0.933,0.886,0.948,0.824,0.0,0.675,0.0,0.857,0.0,0.717,0,29
3.712784813234981,0.5917,0.5078053783188091,0.4725508463611995,0.5917,0.929,0.91,0.941,0.88,0.0,0.688,0.0,0.836,0.0,0.733,1,29
3.964811717549833,0.5881,0.5120447402385266,0.5334437697826225,0.5881000000000001,0.774,0.928,0.97,0.924,0.0,0.717,0.0,0.877,0.001,0.69,2,29
7.685514896441572,0.263,0.12288791553493854,0.17817878891157002,0.263,0.0,0.0,0.0,0.013,0.938,1.0,0.679,0.0,0.0,0.0,3,29
6.9114274277854655,0.2616,0.12332403469569268,0.17750826312265006,0.26159999999999994,0.0,0.0,0.0,0.021,0.946,1.0,0.649,0.0,0.0,0.0,4,29
7.717217573342613,0.2651,0.12499902830144158,0.1825802602041942,0.2651,0.0,0.0,0.0,0.003,0.744,1.0,0.904,0.0,0.0,0.0,5,29
7.1705237349001365,0.2577,0.12236735888642465,0.18245213477632924,0.2577,0.0,0.0,0.0,0.004,0.63,1.0,0.943,0.0,0.0,0.0,6,29
8.502029141678978,0.2689,0.12725316395607253,0.18166374505181512,0.26890000000000003,0.0,0.0,0.0,0.013,0.871,1.0,0.805,0.0,0.0,0.0,7,29
8.383666699686751,0.2635,0.12299372253642482,0.08124409233771475,0.26349999999999996,0.0,0.0,0.0,0.0,0.73,1.0,0.905,0.0,0.0,0.0,8,29
7.748833691350187,0.2655,0.13386771760115354,0.23110952373834612,0.2655,0.0,0.008,0.0,0.056,0.669,1.0,0.922,0.0,0.0,0.0,9,29
7.199668069997916,0.3444,0.2584701224261875,0.48970338428026167,0.3444,0.0,0.594,0.0,0.015,0.007,0.033,0.0,0.995,0.993,0.807,10,29
5.687341279496019,0.3759,0.2818623276538962,0.5374609431503397,0.3759,0.002,0.846,0.0,0.043,0.018,0.028,0.0,0.993,0.993,0.836,11,29
6.2187699974535375,0.3632,0.2668029910225104,0.5358895897694717,0.3632,0.001,0.741,0.0,0.002,0.009,0.012,0.0,0.916,0.988,0.963,12,29
6.424468560721547,0.3723,0.2747757740465945,0.5484887375192615,0.37229999999999996,0.003,0.82,0.0,0.011,0.011,0.016,0.0,0.987,0.992,0.883,13,29
7.050703486695457,0.3534,0.2603235197571284,0.5363690660824879,0.3534,0.001,0.671,0.0,0.013,0.009,0.004,0.0,0.994,0.991,0.851,14,29
3.8814869309766604,0.5463,0.4685243295167985,0.47621938363149674,0.5463,0.934,0.888,0.947,0.826,0.0,0.884,0.0,0.523,0.0,0.461,0,30
3.565006553936309,0.5881,0.5049927798108544,0.47687750079754077,0.5881,0.928,0.911,0.927,0.883,0.0,0.847,0.0,0.723,0.0,0.662,1,30
3.9600988283705787,0.5355,0.4535061345295516,0.5774890488921117,0.5355000000000001,0.779,0.931,0.97,0.924,0.0,0.933,0.0,0.555,0.001,0.262,2,30
7.175911149277854,0.2651,0.12445772943680197,0.1787020669627732,0.2651,0.0,0.0,0.0,0.017,0.941,1.0,0.693,0.0,0.0,0.0,3,30
6.795927812497075,0.2662,0.12605789273163961,0.1790103326497527,0.26620000000000005,0.0,0.0,0.0,0.023,0.939,1.0,0.7,0.0,0.0,0.0,4,30
7.548863826849209,0.2653,0.1253542652192961,0.1828038245682153,0.2653,0.0,0.0,0.0,0.004,0.737,1.0,0.912,0.0,0.0,0.0,5,30
6.917672646312287,0.2628,0.12554876487473052,0.1722713101814237,0.26280000000000003,0.0,0.0,0.0,0.008,0.695,1.0,0.925,0.0,0.0,0.0,6,30
7.94092357196747,0.2708,0.1292275431804552,0.18247737422363114,0.2708,0.0,0.0,0.0,0.018,0.863,1.0,0.827,0.0,0.0,0.0,7,30
7.637625878611312,0.2652,0.12392810305680749,0.08182099516075685,0.2652,0.0,0.0,0.0,0.0,0.746,1.0,0.906,0.0,0.0,0.0,8,30
7.371882073033732,0.2768,0.1477883056323192,0.2629488579159861,0.27680000000000005,0.0,0.051,0.0,0.069,0.734,1.0,0.914,0.0,0.0,0.0,9,30
7.059807137559397,0.3407,0.2507774169330569,0.4834842450788181,0.3407,0.0,0.594,0.0,0.016,0.005,0.002,0.0,0.996,0.993,0.801,10,30
5.585823107832156,0.3764,0.28123442830684586,0.43575325244344754,0.37639999999999996,0.002,0.858,0.0,0.076,0.015,0.0,0.0,0.993,0.993,0.827,11,30
6.130887736146823,0.3629,0.26474708319847606,0.4329420142552598,0.3629,0.001,0.742,0.0,0.003,0.008,0.0,0.0,0.93,0.988,0.957,12,30
6.431358062421171,0.3707,0.27211204517801696,0.5522377198753602,0.3707,0.003,0.817,0.0,0.009,0.013,0.006,0.0,0.987,0.992,0.88,13,30
6.984372288274308,0.3435,0.2509740796441952,0.4384356280429536,0.3435,0.001,0.593,0.0,0.005,0.008,0.0,0.0,0.994,0.991,0.843,14,30
3.7990521064962444,0.5891,0.5116679857682247,0.4855883713793439,0.5891,0.938,0.886,0.947,0.829,0.0,0.683,0.0,0.852,0.0,0.756,0,31
3.6455662193389746,0.5873,0.5053723299788804,0.4717791105259061,0.5873,0.95,0.911,0.924,0.809,0.0,0.696,0.0,0.814,0.0,0.769,1,31
3.8375861930390136,0.5939,0.5169001449332266,0.5370553101943565,0.5939000000000001,0.775,0.928,0.97,0.93,0.0,0.743,0.0,0.881,0.001,0.711,2,31
7.111545699853867,0.2644,0.12365393614626304,0.1785419853115017,0.26439999999999997,0.0,0.0,0.0,0.014,0.945,1.0,0.685,0.0,0.0,0.0,3,31
6.670047900166375,0.2659,0.12577267353784163,0.17897520063189182,0.26589999999999997,0.0,0.0,0.0,0.022,0.938,1.0,0.699,0.0,0.0,0.0,4,31
7.416177997954737,0.2661,0.12499886964853801,0.18227351686383014,0.2661,0.0,0.0,0.0,0.003,0.75,1.0,0.908,0.0,0.0,0.0,5,31
6.764589347778418,0.2678,0.12690562577090456,0.1838660424917598,0.2678,0.0,0.0,0.0,0.004,0.779,1.0,0.895,0.0,0.0,0.0,6,31
8.078743841701423,0.2703,0.12844501060788974,0.18208316752226064,0.2703,0.0,0.0,0.0,0.016,0.873,1.0,0.814,0.0,0.0,0.0,7,31
7.8417084133282255,0.2668,0.12480727374365222,0.08237228066498502,0.26680000000000004,0.0,0.0,0.0,0.0,0.765,1.0,0.903,0.0,0.0,0.0,8,31
7.518873277182777,0.2708,0.13833786260077335,0.2558016359203449,0.27080000000000004,0.0,0.013,0.0,0.064,0.713,1.0,0.918,0.0,0.0,0.0,9,31
6.945439749251539,0.3442,0.25965845487290834,0.5442787546672683,0.3442,0.001,0.583,0.0,0.019,0.008,0.034,0.0,0.995,0.993,0.809,10,31
5.510461838481525,0.3773,0.28430994284854066,0.5398561557777941,0.37729999999999997,0.002,0.859,0.0,0.058,0.024,0.024,0.0,0.993,0.994,0.819,11,31
6.033945221489611,0.3625,0.2666813558915867,0.542807158549856,0.3625,0.001,0.736,0.0,0.003,0.012,0.011,0.0,0.908,0.988,0.966,12,31
6.223897507396369,0.3724,0.275488019494091,0.5568272590086478,0.3724,0.003,0.819,0.0,0.009,0.015,0.017,0.0,0.988,0.992,0.881,13,31
6.830097868800544,0.3498,0.2585402440773664,0.5346545161914931,0.3498,0.001,0.62,0.0,0.017,0.009,0.006,0.0,0.993,0.991,0.861,14,31
3.7551505253337822,0.5584,0.4795365217970769,0.4787670809069584,0.5584,0.932,0.895,0.947,0.839,0.0,0.895,0.0,0.523,0.0,0.553,0,32
3.5750358152313355,0.5798,0.5000548678200145,0.47767936548698764,0.5798,0.959,0.908,0.917,0.795,0.0,0.854,0.0,0.686,0.0,0.679,1,32
3.8890713799875765,0.5577,0.4795396388833469,0.48464173096181906,0.5577,0.784,0.931,0.97,0.932,0.0,0.935,0.0,0.593,0.0,0.432,2,32
6.839932633665042,0.2671,0.12569565736761354,0.17938220813197128,0.2671,0.0,0.0,0.0,0.018,0.942,1.0,0.711,0.0,0.0,0.0,3,32
6.702506808046335,0.2686,0.12681852651107245,0.18001685777318982,0.2686,0.0,0.0,0.0,0.019,0.928,1.0,0.739,0.0,0.0,0.0,4,32
7.058894218347324,0.2685,0.12613052447075324,0.182830151901778,0.2685,0.0,0.0,0.0,0.003,0.78,1.0,0.902,0.0,0.0,0.0,5,32
6.686211235607013,0.2686,0.12767627343950577,0.18430452753440052,0.2686,0.0,0.0,0.0,0.005,0.784,1.0,0.897,0.0,0.0,0.0,6,32
7.869318832604649,0.2715,0.12936710463841086,0.182674103159678,0.27149999999999996,0.0,0.0,0.0,0.017,0.864,1.0,0.834,0.0,0.0,0.0,7,32
7.241298955850327,0.2659,0.12459611888351338,0.08243239743514377,0.26589999999999997,0.0,0.0,0.0,0.0,0.747,1.0,0.912,0.0,0.0,0.0,8,32
7.108369743481231,0.2795,0.15054136667825394,0.2653233636147211,0.27949999999999997,0.0,0.058,0.0,0.073,0.748,1.0,0.916,0.0,0.0,0.0,9,32
6.9609325853780435,0.3409,0.25120473980633606,0.4837224885238703,0.3409,0.0,0.595,0.0,0.017,0.005,0.002,0.0,0.995,0.993,0.802,10,32
5.396597748747268,0.3793,0.28500155124413296,0.5427440010464823,0.37929999999999997,0.002,0.858,0.0,0.082,0.021,0.002,0.0,0.992,0.994,0.842,11,32
5.783195813243001,0.3655,0.26869630465868255,0.5434596459076211,0.3655,0.001,0.753,0.0,0.007,0.017,0.003,0.0,0.921,0.988,0.965,12,32
6.318293425983514,0.3709,0.2738433887877529,0.5474823625085111,0.3709,0.003,0.809,0.0,0.014,0.01,0.01,0.0,0.987,0.993,0.883,13,32
6.683740663833131,0.345,0.25339322808359394,0.47334633541222526,0.34500000000000003,0.001,0.573,0.0,0.012,0.01,0.0,0.001,0.993,0.991,0.869,14,32
3.722030599467671,0.597,0.5190449467920925,0.4905586860830362,0.597,0.931,0.896,0.952,0.844,0.0,0.75,0.0,0.825,0.0,0.772,0,33
3.5566707358192713,0.5889,0.508780513151697,0.47794061518201947,0.5889,0.963,0.912,0.915,0.755,0.0,0.723,0.0,0.811,0.0,0.81,1,33
3.8310905634023893,0.6018,0.5243380540966097,0.5429668415895852,0.6018000000000001,0.778,0.927,0.968,0.936,0.0,0.771,0.0,0.875,0.001,0.762,2,33
6.649943692996479,0.2675,0.12613500779698567,0.17942761182122285,0.26749999999999996,0.0,0.0,0.0,0.02,0.945,1.0,0.71,0.0,0.0,0.0,3,33
6.482852746122561,0.2697,0.1274996317882527,0.18048421481483834,0.2697,0.0,0.0,0.0,0.019,0.919,1.0,0.759,0.0,0.0,0.0,4,33
6.993170354312982,0.2677,0.12565877263608852,0.18254335318800657,0.26770000000000005,0.0,0.0,0.0,0.003,0.765,1.0,0.909,0.0,0.0,0.0,5,33
6.444797288876372,0.2713,0.12873424367687358,0.18393462965905627,0.2713,0.0,0.0,0.0,0.008,0.835,1.0,0.87,0.0,0.0,0.0,6,33
7.733623658506254,0.2725,0.1298228451607085,0.18296224312401596,0.2725,0.0,0.0,0.0,0.017,0.865,1.0,0.843,0.0,0.0,0.0,7,33
7.354630584533984,0.267,0.12509793718261833,0.08267189858889872,0.267,0.0,0.0,0.0,0.0,0.76,1.0,0.91,0.0,0.0,0.0,8,33
7.20673680381653,0.2789,0.14809422461507118,0.2679522534890705,0.27890000000000004,0.0,0.047,0.0,0.069,0.755,1.0,0.918,0.0,0.0,0.0,9,33
6.903104875034417,0.3399,0.2558008064905873,0.5402581317180524,0.3399,0.001,0.558,0.0,0.019,0.006,0.033,0.0,0.994,0.994,0.794,10,33
5.100712330577473,0.3828,0.29191735246291994,0.6455015756439428,0.3828,0.002,0.857,0.001,0.08,0.026,0.027,0.0,0.991,0.994,0.85,11,33
5.7106223433924175,0.3648,0.2698742274035765,0.5432728463544296,0.3648,0.001,0.742,0.0,0.007,0.019,0.011,0.0,0.913,0.988,0.967,12,33
6.213034897947463,0.3718,0.2761836325513415,0.5503633329664532,0.3718,0.003,0.806,0.0,0.018,0.011,0.016,0.0,0.987,0.993,0.884,13,33
6.7501293462686265,0.3484,0.25808011585359913,0.5530643590734031,0.3484,0.002,0.596,0.0,0.019,0.011,0.005,0.0,0.994,0.991,0.866,14,33
3.696335932888543,0.5718,0.49241860691802736,0.48268111647257533,0.5718,0.927,0.9,0.952,0.858,0.0,0.897,0.0,0.581,0.0,0.603,0,34
3.489300090855303,0.5972,0.5169643203430966,0.48719705574356553,0.5972000000000001,0.96,0.914,0.916,0.79,0.0,0.798,0.0,0.749,0.0,0.845,1,34
3.8408823234204665,0.5749,0.49762691473065956,0.4874202989693809,0.5749000000000001,0.784,0.929,0.971,0.934,0.0,0.924,0.0,0.633,0.0,0.574,2,34
6.490597302921283,0.2673,0.12421462132439087,0.17967473875161644,0.2673,0.0,0.0,0.0,0.008,0.946,1.0,0.719,0.0,0.0,0.0,3,34
6.402020311964967,0.2706,0.1278282381739021,0.18068437834312676,0.27060000000000006,0.0,0.0,0.0,0.019,0.929,1.0,0.758,0.0,0.0,0.0,4,34
6.849219517205089,0.2687,0.1265449613126515,0.1826417874284722,0.2687,0.0,0.0,0.0,0.006,0.772,1.0,0.909,0.0,0.0,0.0,5,34
6.3410568793360795,0.2711,0.12782037578262154,0.21700419345990163,0.2711,0.0,0.001,0.0,0.003,0.85,1.0,0.857,0.0,0.0,0.0,6,34
7.589687879093158,0.2729,0.12937260526232544,0.18292045315083877,0.2729,0.0,0.0,0.0,0.014,0.877,1.0,0.838,0.0,0.0,0.0,7,34
6.992017450424048,0.268,0.1255376712176189,0.08293786462440385,0.268,0.0,0.0,0.0,0.0,0.765,1.0,0.915,0.0,0.0,0.0,8,34
6.928224301566712,0.2783,0.14421382148534864,0.26410707446883464,0.2783,0.0,0.037,0.0,0.056,0.786,1.0,0.904,0.0,0.0,0.0,9,34
6.334021069371281,0.3459,0.25719926958776523,0.5754704159232987,0.3459,0.001,0.605,0.0,0.023,0.011,0.004,0.001,0.996,0.993,0.825,10,34
5.013949040025949,0.382,0.28859185175898155,0.6619596045461756,0.382,0.002,0.854,0.001,0.081,0.028,0.006,0.0,0.99,0.994,0.864,11,34
5.6665408923603096,0.3643,0.2683781490769515,0.5416499245808349,0.3643,0.001,0.741,0.0,0.008,0.019,0.003,0.0,0.92,0.988,0.963,12,34
6.164415375493205,0.3715,0.276408853643144,0.5612685208684373,0.3715,0.004,0.804,0.0,0.019,0.014,0.013,0.0,0.988,0.993,0.88,13,34
6.594174573977535,0.3439,0.2531033840321132,0.4699565459994761,0.3439,0.001,0.547,0.0,0.016,0.011,0.0,0.001,0.994,0.991,0.878,14,34
3.6369239773613193,0.6023,0.5232488662410308,0.4938108050104466,0.6023,0.932,0.9,0.951,0.855,0.0,0.815,0.0,0.813,0.0,0.757,0,35
3.5896166646823335,0.6001,0.5183752911510464,0.48552422223960257,0.6001000000000001,0.959,0.918,0.911,0.81,0.0,0.759,0.0,0.795,0.0,0.849,1,35
3.652874060332204,0.6058,0.527499409502971,0.545717353127363,0.6058,0.787,0.937,0.971,0.933,0.0,0.843,0.0,0.837,0.001,0.749,2,35
6.392745660897642,0.2684,0.12445072292905261,0.18008674023298563,0.26839999999999997,0.0,0.0,0.0,0.006,0.947,1.0,0.731,0.0,0.0,0.0,3,35
6.288343377006702,0.2702,0.12652406612966385,0.18071023953726126,0.2702,0.0,0.0,0.0,0.012,0.929,1.0,0.761,0.0,0.0,0.0,4,35
6.662401782818876,0.2689,0.12610155814166824,0.1825093245789021,0.26890000000000003,0.0,0.0,0.0,0.004,0.769,1.0,0.916,0.0,0.0,0.0,5,35
6.238136139921487,0.2721,0.12867040259814594,0.18373530673539853,0.2721,0.0,0.0,0.0,0.007,0.857,1.0,0.857,0.0,0.0,0.0,6,35
7.563353949842361,0.2724,0.12815588784314638,0.18285382147585505,0.27240000000000003,0.0,0.0,0.0,0.008,0.879,1.0,0.837,0.0,0.0,0.0,7,35
6.892635043817587,0.2679,0.12550170504073002,0.08293257144802886,0.2679,0.0,0.0,0.0,0.0,0.764,1.0,0.915,0.0,0.0,0.0,8,35
6.7371981981844185,0.2787,0.14390512093266045,0.26847148756204897,0.2787,0.0,0.039,0.0,0.051,0.788,1.0,0.909,0.0,0.0,0.0,9,35
6.5694073404366975,0.3399,0.2558023114211619,0.5300733270997553,0.3399,0.001,0.547,0.0,0.02,0.009,0.03,0.0,0.995,0.993,0.804,10,35
4.995519824683095,0.3822,0.29178975366297816,0.6661229373990688,0.3822,0.002,0.844,0.001,0.079,0.03,0.023,0.0,0.991,0.994,0.858,11,35
5.601928889941864,0.3654,0.2708855287445411,0.5374339073496991,0.3654,0.001,0.736,0.0,0.01,0.02,0.01,0.0,0.927,0.988,0.962,12,35
6.1406351575455345,0.3713,0.27701731777499566,0.5620050889845764,0.3713,0.004,0.793,0.0,0.019,0.014,0.016,0.0,0.987,0.994,0.886,13,35
6.628505431805936,0.3463,0.25646654070516606,0.5995284983317293,0.3463,0.002,0.563,0.0,0.02,0.01,0.005,0.001,0.994,0.991,0.877,14,35
3.734236671520879,0.5738,0.4947307557496667,0.4857512924067332,0.5738,0.932,0.906,0.955,0.853,0.0,0.902,0.0,0.563,0.0,0.627,0,36
3.54799997711334,0.6002,0.5190144815891806,0.4871902893776575,0.6002000000000001,0.959,0.92,0.912,0.816,0.0,0.802,0.0,0.779,0.0,0.814,1,36
3.74750816783966,0.586,0.5076764934630273,0.48972392457692243,0.5860000000000001,0.79,0.935,0.97,0.936,0.0,0.92,0.0,0.659,0.0,0.65,2,36
6.197075969494951,0.2686,0.1248517989392661,0.18009761269398944,0.2686,0.0,0.0,0.0,0.008,0.95,1.0,0.728,0.0,0.0,0.0,3,36
6.338832661747552,0.2705,0.12530518576980565,0.18106565660351695,0.2705,0.0,0.0,0.0,0.003,0.923,1.0,0.779,0.0,0.0,0.0,4,36
6.5349780713407375,0.2707,0.12747267110739066,0.23275893528859637,0.27070000000000005,0.0,0.001,0.0,0.007,0.785,1.0,0.914,0.0,0.0,0.0,5,36
6.096544814947695,0.2725,0.1287614214302393,0.2834895024899403,0.27249999999999996,0.0,0.001,0.0,0.007,0.868,1.0,0.849,0.0,0.0,0.0,6,36
7.422008791670632,0.2735,0.12851498923145258,0.18323144513296025,0.27349999999999997,0.0,0.0,0.0,0.007,0.875,1.0,0.853,0.0,0.0,0.0,7,36
6.735559381235141,0.2682,0.12573250386898244,0.08311461682831775,0.2682,0.0,0.0,0.0,0.0,0.764,1.0,0.918,0.0,0.0,0.0,8,36
6.67605473820013,0.2809,0.14388900938498622,0.2723090304727244,0.2809,0.0,0.036,0.0,0.046,0.827,1.0,0.9,0.0,0.0,0.0,9,36
6.488572228069122,0.3386,0.25137494737776533,0.5637222904864392,0.3386,0.001,0.542,0.0,0.024,0.009,0.006,0.001,0.996,0.993,0.814,10,36
4.896155969022562,0.3828,0.291713820617027,0.6669749482854783,0.38280000000000003,0.002,0.843,0.001,0.085,0.031,0.015,0.0,0.99,0.994,0.867,11,36
5.421191986376485,0.3653,0.2708239459110822,0.5726448686653066,0.3653,0.001,0.733,0.0,0.014,0.025,0.003,0.001,0.921,0.988,0.967,12,36
6.032074264063241,0.3715,0.2781811199184284,0.5636960807339075,0.3715,0.004,0.788,0.0,0.02,0.017,0.018,0.0,0.988,0.994,0.886,13,36
6.537045668489255,0.341,0.25102702316846914,0.46602859995853085,0.341,0.001,0.512,0.0,0.02,0.01,0.0,0.001,0.993,0.991,0.882,14,36
3.6970598592925756,0.6033,0.5237726677540426,0.4949288608600398,0.6033000000000001,0.934,0.906,0.953,0.859,0.0,0.841,0.0,0.785,0.0,0.755,0,37
3.5242757795336908,0.6005,0.519821329358621,0.48855767412163126,0.6005,0.962,0.919,0.913,0.786,0.0,0.766,0.0,0.802,0.0,0.857,1,37
3.6884547262526928,0.6054,0.526509295365645,0.5465996466483312,0.6054,0.797,0.941,0.97,0.933,0.0,0.883,0.0,0.814,0.001,0.715,2,37
6.103014248247725,0.2686,0.12466837672862988,0.18012326856741886,0.2686,0.0,0.0,0.0,0.007,0.952,1.0,0.727,0.0,0.0,0.0,3,37
6.258066643541232,0.2715,0.1262443088324176,0.18129736782096312,0.27149999999999996,0.0,0.0,0.0,0.006,0.927,1.0,0.782,0.0,0.0,0.0,4,37
6.428824244215846,0.2712,0.1278231877278218,0.182840747102787,0.2712,0.0,0.0,0.0,0.009,0.785,1.0,0.918,0.0,0.0,0.0,5,37
6.106323702266803,0.2732,0.12907254487445619,0.1836746931789452,0.2732,0.0,0.0,0.0,0.008,0.874,1.0,0.85,0.0,0.0,0.0,6,37
7.351993682666327,0.2738,0.1288024953355277,0.1833055259423509,0.2738,0.0,0.0,0.0,0.008,0.868,1.0,0.862,0.0,0.0,0.0,7,37
6.652009220549854,0.2681,0.12566637686719867,0.08311183867332564,0.2681,0.0,0.0,0.0,0.0,0.758,1.0,0.923,0.0,0.0,0.0,8,37
6.425663886359706,0.2822,0.14663082328119856,0.2741720215588005,0.2822,0.0,0.05,0.0,0.045,0.827,1.0,0.9,0.0,0.0,0.0,9,37
6.343046586734419,0.3399,0.2555218989037312,0.5299968563164488,0.3399,0.001,0.531,0.0,0.029,0.009,0.023,0.0,0.996,0.993,0.817,10,37
4.76700605523472,0.3825,0.2920565393155152,0.664362874413346,0.3825,0.002,0.832,0.001,0.083,0.031,0.02,0.0,0.99,0.993,0.873,11,37
5.385379391356398,0.3637,0.2708117554473658,0.5865851767118061,0.3637,0.001,0.714,0.0,0.013,0.028,0.009,0.001,0.909,0.988,0.974,12,37
5.896799717467433,0.372,0.2792440000305557,0.5815286644498497,0.372,0.004,0.786,0.0,0.024,0.025,0.013,0.0,0.989,0.993,0.886,13,37
6.41157311600999,0.343,0.25481780977549173,0.5657799307795679,0.343,0.001,0.518,0.0,0.025,0.011,0.009,0.001,0.993,0.993,0.879,14,37
3.714897035409848,0.5828,0.5028191992548757,0.48829278778035834,0.5828,0.933,0.903,0.953,0.874,0.0,0.9,0.0,0.584,0.0,0.681,0,38
3.5321854741428607,0.6059,0.5239296996247942,0.4916207004906684,0.6059,0.962,0.913,0.911,0.838,0.0,0.767,0.0,0.806,0.0,0.862,1,38
3.7087033589046223,0.5977,0.5185871849199073,0.49401747081794695,0.5977,0.813,0.94,0.97,0.928,0.0,0.911,0.0,0.71,0.0,0.705,2,38
6.081486302061965,0.2691,0.12511002245152475,0.18029578325215362,0.2691,0.0,0.0,0.0,0.008,0.953,1.0,0.73,0.0,0.0,0.0,3,38
6.342732981751902,0.2722,0.1261431464632769,0.18162217880056453,0.2722,0.0,0.0,0.0,0.003,0.924,1.0,0.795,0.0,0.0,0.0,4,38
6.326229628663475,0.2721,0.12842845094615166,0.23307123810968453,0.2721,0.0,0.001,0.0,0.009,0.794,1.0,0.917,0.0,0.0,0.0,5,38
6.094515357154627,0.274,0.1302189957347063,0.28373108271525915,0.27399999999999997,0.0,0.004,0.0,0.009,0.881,1.0,0.846,0.0,0.0,0.0,6,38
7.114602849125482,0.2748,0.1300021090166959,0.18342501299456465,0.2748,0.0,0.0,0.0,0.013,0.867,1.0,0.868,0.0,0.0,0.0,7,38
6.531814512734215,0.2685,0.1259165156155937,0.08329500981600475,0.2685,0.0,0.0,0.0,0.0,0.757,1.0,0.928,0.0,0.0,0.0,8,38
6.314658084997354,0.2802,0.1414546878708565,0.27041188782519143,0.2802,0.0,0.03,0.0,0.037,0.832,1.0,0.903,0.0,0.0,0.0,9,38
6.030864372801857,0.3427,0.25719008870168897,0.6039659813717815,0.3427,0.003,0.56,0.0,0.039,0.01,0.009,0.001,0.996,0.993,0.816,10,38
4.746880306603429,0.3819,0.29237089891158063,0.6597449999260756,0.3819,0.002,0.822,0.001,0.092,0.033,0.016,0.0,0.989,0.993,0.871,11,38
5.4371079705393734,0.3636,0.270291283557332,0.5863381898279776,0.36360000000000003,0.0,0.706,0.0,0.012,0.033,0.004,0.001,0.926,0.988,0.966,12,38
5.988472716115154,0.3707,0.2787489790613819,0.6806748431996439,0.3707,0.004,0.774,0.0,0.023,0.021,0.018,0.001,0.99,0.993,0.883,13,38
6.346006506167281,0.3403,0.2513354987040274,0.5970344370030157,0.3403,0.002,0.495,0.0,0.025,0.011,0.002,0.001,0.993,0.992,0.882,14,38
3.6690869173302816,0.5968,0.5169311237493365,0.49259066683567954,0.5968,0.934,0.909,0.953,0.868,0.0,0.879,0.0,0.697,0.0,0.728,0,39
3.6737851233908922,0.5979,0.5187594799684082,0.4894689951481491,0.5979000000000001,0.969,0.918,0.911,0.764,0.0,0.783,0.0,0.803,0.0,0.831,1,39
3.66074297755671,0.6127,0.5325756568249908,0.4991498486980577,0.6127,0.819,0.945,0.97,0.927,0.0,0.871,0.0,0.811,0.0,0.784,2,39
5.956146704884002,0.2696,0.12598244208652967,0.18036917932058777,0.2696,0.0,0.0,0.0,0.012,0.954,1.0,0.73,0.0,0.0,0.0,3,39
6.339346670875915,0.2725,0.1266290340959108,0.18169311400485558,0.2725,0.0,0.0,0.0,0.005,0.925,1.0,0.795,0.0,0.0,0.0,4,39
6.36916101778658,0.2724,0.12881871133960093,0.2830282424569929,0.27240000000000003,0.0,0.001,0.0,0.011,0.796,1.0,0.916,0.0,0.0,0.0,5,39
6.058187522065525,0.2744,0.13025900410233332,0.283859800376388,0.2744,0.0,0.004,0.0,0.008,0.888,1.0,0.844,0.0,0.0,0.0,6,39
7.122798607372247,0.275,0.12983329617356648,0.1833757759631168,0.275,0.0,0.0,0.0,0.012,0.872,1.0,0.866,0.0,0.0,0.0,7,39
6.629982940686015,0.2685,0.126031583135567,0.08350039897205402,0.2685,0.0,0.0,0.0,0.0,0.753,1.0,0.932,0.0,0.0,0.0,8,39
6.148628728458295,0.28,0.14020426631129884,0.2745042573999606,0.28,0.0,0.026,0.0,0.033,0.831,1.0,0.91,0.0,0.0,0.0,9,39
6.135784815675534,0.3392,0.25557279126670196,0.6292122960222217,0.33920000000000006,0.001,0.524,0.0,0.033,0.01,0.022,0.001,0.995,0.994,0.812,10,39
4.748097307004106,0.3821,0.29460674640537615,0.6638497554046295,0.3821,0.002,0.809,0.001,0.092,0.037,0.023,0.0,0.989,0.993,0.875,11,39
5.190080493402938,0.3671,0.2750758795324658,0.5375531894486808,0.36710000000000004,0.0,0.73,0.0,0.019,0.038,0.011,0.001,0.91,0.988,0.974,12,39
5.871624625148103,0.3711,0.2796565122630899,0.6832272459609114,0.3711,0.005,0.77,0.0,0.023,0.024,0.018,0.001,0.99,0.993,0.887,13,39
6.2985569029189525,0.3421,0.25450661195663377,0.5991544654795563,0.34209999999999996,0.002,0.504,0.0,0.026,0.013,0.009,0.001,0.993,0.993,0.88,14,39
3.7054609115512225,0.583,0.5029407196222528,0.48868266851085423,0.583,0.934,0.908,0.952,0.87,0.0,0.904,0.0,0.585,0.0,0.677,0,40
3.543348829586285,0.6072,0.5241750920607129,0.49018442220660674,0.6072,0.967,0.915,0.908,0.843,0.0,0.807,0.0,0.786,0.0,0.846,1,40
3.6664389448044017,0.6024,0.5232588384990254,0.4967555073002695,0.6024,0.817,0.945,0.972,0.926,0.0,0.907,0.0,0.712,0.0,0.745,2,40
5.957252100252877,0.2698,0.12568340092048869,0.1805493161703055,0.2698,0.0,0.0,0.0,0.009,0.95,1.0,0.739,0.0,0.0,0.0,3,40
6.264380058922326,0.2733,0.12732652849441467,0.1818922274983515,0.2733,0.0,0.0,0.0,0.007,0.924,1.0,0.802,0.0,0.0,0.0,4,40
6.28039300479828,0.2739,0.12989723432353156,0.2832453866907322,0.27390000000000003,0.0,0.003,0.0,0.012,0.81,1.0,0.914,0.0,0.0,0.0,5,40
6.018712126028043,0.2754,0.13117158266862305,0.28403582603780075,0.2754,0.0,0.007,0.0,0.008,0.894,1.0,0.845,0.0,0.0,0.0,6,40
6.976199115046297,0.2754,0.13024070379100106,0.1837397293209831,0.2754,0.0,0.0,0.0,0.012,0.868,1.0,0.874,0.0,0.0,0.0,7,40
6.506979326851452,0.2683,0.12583125435638015,0.08326769944963652,0.26830000000000004,0.0,0.0,0.0,0.0,0.753,1.0,0.93,0.0,0.0,0.0,8,40
6.260921973389939,0.2797,0.14059354699800014,0.2774220334543912,0.2797,0.0,0.027,0.0,0.037,0.842,1.0,0.891,0.0,0.0,0.0,9,40
6.021625975831248,0.3476,0.264074615716707,0.6116387420165845,0.3476,0.004,0.577,0.0,0.063,0.012,0.009,0.001,0.996,0.993,0.821,10,40
4.70768645624764,0.382,0.29386054460681127,0.6607071323268435,0.382,0.002,0.804,0.001,0.099,0.036,0.016,0.0,0.989,0.993,0.88,11,40
5.17642401734861,0.3652,0.2727027794193009,0.5821348790008578,0.3652,0.0,0.715,0.0,0.018,0.039,0.004,0.001,0.912,0.988,0.975,12,40
5.869379794635711,0.3704,0.27889554420559537,0.6799600445775104,0.37039999999999995,0.005,0.767,0.0,0.026,0.02,0.017,0.001,0.99,0.993,0.885,13,40
6.31529937993985,0.3404,0.25189678431137486,0.6037181566066621,0.3404,0.003,0.486,0.0,0.029,0.01,0.002,0.001,0.993,0.993,0.887,14,40
3.6769146250840574,0.5942,0.5143166613233883,0.4920385417912029,0.5942000000000001,0.932,0.908,0.955,0.874,0.0,0.891,0.0,0.673,0.0,0.709,0,41
3.7816696521192315,0.6069,0.5240593007702704,0.490574124667195,0.6069,0.965,0.903,0.909,0.853,0.0,0.797,0.0,0.794,0.0,0.848,1,41
3.6523145431527695,0.6149,0.5341201658338741,0.5002781110540844,0.6149,0.828,0.949,0.97,0.927,0.0,0.882,0.0,0.809,0.0,0.784,2,41
5.933385748451891,0.272,0.1268197060597325,0.1812915025362099,0.272,0.0,0.0,0.0,0.009,0.951,1.0,0.76,0.0,0.0,0.0,3,41
6.353942776640383,0.2734,0.12707099821000004,0.18199013089563923,0.2734,0.0,0.0,0.0,0.005,0.928,1.0,0.801,0.0,0.0,0.0,4,41
6.260523914148251,0.2739,0.1298985979938872,0.2582356903383241,0.27390000000000003,0.0,0.003,0.0,0.012,0.808,1.0,0.916,0.0,0.0,0.0,5,41
6.196849807763633,0.2755,0.13150542935410395,0.28420961341510365,0.27549999999999997,0.0,0.007,0.0,0.009,0.888,1.0,0.851,0.0,0.0,0.0,6,41
7.062841069584076,0.2756,0.13036160592539714,0.18361401660719934,0.2756,0.0,0.0,0.0,0.013,0.874,1.0,0.869,0.0,0.0,0.0,7,41
6.569157831965925,0.2687,0.12628091732539332,0.08374652747401538,0.26870000000000005,0.0,0.0,0.0,0.0,0.75,1.0,0.937,0.0,0.0,0.0,8,41
6.35994441516864,0.2788,0.13801009910488338,0.27932474610446667,0.2788,0.0,0.019,0.0,0.031,0.84,1.0,0.898,0.0,0.0,0.0,9,41
5.800108059526632,0.3478,0.26496569442753826,0.6527226971073066,0.3478,0.003,0.554,0.0,0.058,0.012,0.018,0.001,0.995,0.993,0.844,10,41
4.639476896474918,0.384,0.29850741715616563,0.6613442972750974,0.384,0.002,0.799,0.001,0.113,0.042,0.021,0.0,0.989,0.993,0.88,11,41
5.182444368307583,0.366,0.275213608242666,0.5311710122573285,0.366,0.0,0.709,0.0,0.019,0.045,0.012,0.001,0.912,0.988,0.974,12,41
5.7976389213111075,0.3691,0.278295202702339,0.6829821720937352,0.3691,0.005,0.75,0.0,0.028,0.024,0.014,0.001,0.99,0.993,0.886,13,41
6.0982528860195755,0.3486,0.2616703658404125,0.6064003003410732,0.3486,0.003,0.544,0.0,0.04,0.014,0.008,0.001,0.993,0.993,0.89,14,41
3.677385153480993,0.5848,0.504291225019777,0.48906330505465634,0.5848,0.934,0.909,0.951,0.874,0.0,0.908,0.0,0.584,0.0,0.688,0,42
3.763106446487073,0.6036,0.5231019026903145,0.4927489041084298,0.6036,0.967,0.912,0.916,0.804,0.0,0.811,0.0,0.782,0.0,0.844,1,42
3.762405157660524,0.6012,0.5202210158540115,0.4937662812044795,0.6012,0.838,0.947,0.968,0.924,0.0,0.912,0.0,0.655,0.0,0.768,2,42
6.110787058790652,0.2713,0.12656206678063214,0.1809992693861194,0.2713,0.0,0.0,0.0,0.01,0.952,1.0,0.751,0.0,0.0,0.0,3,42
6.329230144001044,0.2738,0.12755871712777078,0.18205378512989118,0.27380000000000004,0.0,0.0,0.0,0.007,0.93,1.0,0.801,0.0,0.0,0.0,4,42
6.38596091940761,0.2742,0.1304491771039197,0.25819766406451056,0.2742,0.0,0.003,0.0,0.015,0.806,1.0,0.918,0.0,0.0,0.0,5,42
5.923536755406437,0.277,0.13414595133254492,0.28442314432547433,0.277,0.0,0.013,0.0,0.015,0.888,1.0,0.854,0.0,0.0,0.0,6,42
7.0316762695678126,0.2769,0.13153114612342928,0.18383895374617237,0.2769,0.0,0.0,0.0,0.017,0.879,1.0,0.873,0.0,0.0,0.0,7,42
6.579669883837715,0.267,0.12537959642555352,0.08320802354035714,0.267,0.0,0.0,0.0,0.0,0.731,1.0,0.939,0.0,0.0,0.0,8,42
6.278415094930143,0.2789,0.13820275101627072,0.2843092180493469,0.27890000000000004,0.0,0.019,0.0,0.032,0.842,1.0,0.896,0.0,0.0,0.0,9,42
5.835425750896953,0.3465,0.26390009110686885,0.6050535332274889,0.3465,0.006,0.562,0.0,0.063,0.012,0.012,0.001,0.996,0.993,0.82,10,42
4.478773772906952,0.3849,0.2990977960611215,0.7427705722966038,0.3849,0.001,0.807,0.001,0.11,0.044,0.023,0.001,0.988,0.993,0.881,11,42
5.173780859468844,0.3673,0.2766580456025114,0.5322895215981949,0.3673,0.0,0.709,0.0,0.02,0.052,0.009,0.001,0.924,0.988,0.97,12,42
5.805938064861603,0.37,0.27945286666217867,0.6781515803844955,0.37,0.005,0.757,0.0,0.032,0.024,0.014,0.001,0.99,0.993,0.884,13,42
6.048273234321667,0.3456,0.25840893809604787,0.6091385576334467,0.3456,0.003,0.523,0.0,0.039,0.016,0.002,0.001,0.993,0.993,0.886,14,42
3.7697372779297753,0.5904,0.5100529216204135,0.49096270034844985,0.5904,0.931,0.909,0.956,0.878,0.0,0.898,0.0,0.625,0.0,0.707,0,43
3.6277448100784717,0.6095,0.5253315279573233,0.48963000142094126,0.6094999999999999,0.961,0.921,0.911,0.869,0.0,0.821,0.0,0.793,0.0,0.819,1,43
3.5837469729371727,0.6119,0.5304461315121554,0.49776027671802864,0.6119,0.842,0.95,0.969,0.92,0.0,0.9,0.0,0.753,0.0,0.785,2,43
5.998710630800777,0.2709,0.1268522952453754,0.18082682361852565,0.2709,0.0,0.0,0.0,0.013,0.952,1.0,0.744,0.0,0.0,0.0,3,43
6.332733774337525,0.2742,0.12809458772871157,0.18215113031400326,0.2742,0.0,0.0,0.0,0.009,0.931,1.0,0.802,0.0,0.0,0.0,4,43
6.364609328321755,0.2748,0.13054006932256504,0.28333551139372076,0.2748,0.0,0.004,0.0,0.013,0.814,1.0,0.917,0.0,0.0,0.0,5,43
6.067352583614021,0.2778,0.13575646790137158,0.2846995276536371,0.2778,0.0,0.02,0.0,0.015,0.885,1.0,0.858,0.0,0.0,0.0,6,43
6.97046801685906,0.2772,0.13261952386250225,0.18403432420092417,0.2772,0.0,0.0,0.0,0.022,0.869,1.0,0.881,0.0,0.0,0.0,7,43
6.553629192681358,0.2673,0.1257847304416497,0.1834610896905591,0.2673,0.0,0.0,0.0,0.001,0.73,1.0,0.942,0.0,0.0,0.0,8,43
6.267772238856306,0.2801,0.1400491398302032,0.28071400015328785,0.2801,0.0,0.025,0.0,0.034,0.843,1.0,0.899,0.0,0.0,0.0,9,43
5.7286729294651995,0.3515,0.2695634489843134,0.6546210948958835,0.3515,0.005,0.579,0.0,0.067,0.015,0.018,0.001,0.996,0.993,0.841,10,43
4.703976480343852,0.3829,0.29745589211342904,0.7438149144067063,0.38289999999999996,0.001,0.793,0.001,0.116,0.036,0.019,0.001,0.989,0.993,0.88,11,43
4.890543690885599,0.3713,0.28200573484728664,0.5348867328491774,0.3713,0.0,0.727,0.0,0.022,0.072,0.013,0.001,0.916,0.988,0.974,12,43
5.771857857323302,0.3717,0.28133549439476946,0.6816560674112848,0.3717,0.005,0.765,0.0,0.028,0.027,0.019,0.001,0.99,0.994,0.888,13,43
6.077571229051096,0.3461,0.25920984414342657,0.6045884231505773,0.3461,0.003,0.52,0.0,0.04,0.016,0.004,0.001,0.991,0.993,0.893,14,43
3.7248842459136307,0.5861,0.5056552554178427,0.4913425067649257,0.5861,0.935,0.912,0.952,0.875,0.0,0.913,0.0,0.571,0.0,0.703,0,44
3.754376894368912,0.609,0.5267355275666473,0.4941505720601236,0.6090000000000001,0.967,0.916,0.908,0.84,0.0,0.835,0.0,0.772,0.0,0.852,1,44
3.6840854454726077,0.6006,0.519729606125676,0.49388517759419176,0.6006,0.84,0.95,0.97,0.923,0.0,0.915,0.0,0.654,0.0,0.754,2,44
6.004959075976484,0.2703,0.12627988662720055,0.18072174590293527,0.27030000000000004,0.0,0.0,0.0,0.011,0.955,1.0,0.737,0.0,0.0,0.0,3,44
6.331209869811329,0.2757,0.12993241484993664,0.18247800610517767,0.2757,0.0,0.0,0.0,0.016,0.93,1.0,0.811,0.0,0.0,0.0,4,44
6.403800032009332,0.2758,0.1317950576897885,0.26350817427473483,0.27579999999999993,0.0,0.004,0.0,0.018,0.821,1.0,0.915,0.0,0.0,0.0,5,44
6.060700787522922,0.279,0.13728789132883074,0.2849796360650839,0.27899999999999997,0.0,0.026,0.0,0.015,0.888,1.0,0.861,0.0,0.0,0.0,6,44
6.862031691371443,0.2776,0.1320763047931209,0.18429940361802916,0.2776,0.0,0.0,0.0,0.017,0.874,1.0,0.885,0.0,0.0,0.0,7,44
6.56471105276967,0.2677,0.1261763164406253,0.18354501349464783,0.26769999999999994,0.0,0.0,0.0,0.002,0.736,1.0,0.939,0.0,0.0,0.0,8,44
6.316635398438183,0.2807,0.14114826898437446,0.2808515367775358,0.2807,0.0,0.025,0.0,0.039,0.847,1.0,0.896,0.0,0.0,0.0,9,44
5.572720635051544,0.3552,0.2740173921818035,0.615988155823736,0.3552,0.006,0.598,0.0,0.078,0.024,0.014,0.001,0.995,0.993,0.843,10,44
4.536010960801341,0.3868,0.30276947058238923,0.746904319270907,0.38680000000000003,0.001,0.805,0.001,0.13,0.045,0.022,0.001,0.989,0.993,0.881,11,44
4.893937890141155,0.3729,0.2820637042875962,0.538743154305662,0.3729,0.0,0.748,0.0,0.022,0.071,0.009,0.001,0.916,0.988,0.974,12,44
5.70175157263637,0.3732,0.2839604762895967,0.6855792999708463,0.3732,0.007,0.776,0.0,0.037,0.027,0.021,0.001,0.99,0.994,0.879,13,44
5.917745367787517,0.3514,0.2649365136567291,0.6083869440892317,0.35140000000000005,0.003,0.561,0.0,0.046,0.022,0.003,0.001,0.992,0.993,0.893,14,44
3.5709151960790346,0.588,0.5062081725323395,0.49031837531435835,0.5880000000000001,0.937,0.922,0.953,0.873,0.0,0.92,0.0,0.564,0.0,0.711,0,45
3.679108755466656,0.6097,0.5272057408953112,0.49355733561422366,0.6097,0.966,0.92,0.911,0.844,0.0,0.803,0.0,0.802,0.0,0.851,1,45
3.6634486062458147,0.6055,0.5241603124663043,0.5949974916189695,0.6054999999999999,0.846,0.954,0.969,0.922,0.0,0.916,0.0,0.689,0.002,0.757,2,45
6.071944343396269,0.2723,0.12788180720885992,0.18126790836990048,0.27230000000000004,0.0,0.0,0.0,0.015,0.956,1.0,0.752,0.0,0.0,0.0,3,45
6.410528956891629,0.2765,0.13075544398379152,0.18263507241623325,0.2765,0.0,0.0,0.0,0.019,0.928,1.0,0.818,0.0,0.0,0.0,4,45
6.436220656568631,0.2749,0.1311443658546229,0.2834159397566184,0.27490000000000003,0.0,0.005,0.0,0.015,0.809,1.0,0.92,0.0,0.0,0.0,5,45
6.203408806468732,0.2807,0.14006514379741403,0.28564270011343806,0.2807,0.0,0.033,0.0,0.019,0.878,1.0,0.877,0.0,0.0,0.0,6,45
7.005808744948512,0.2775,0.1321915888367657,0.2842305783978193,0.27749999999999997,0.0,0.001,0.0,0.017,0.875,1.0,0.882,0.0,0.0,0.0,7,45
6.573699940507785,0.2684,0.12656592317065948,0.18381370983415812,0.26839999999999997,0.0,0.0,0.0,0.002,0.741,1.0,0.941,0.0,0.0,0.0,8,45
6.324688562569908,0.28,0.13829641971721568,0.28467860662868044,0.28,0.0,0.021,0.0,0.027,0.854,1.0,0.898,0.0,0.0,0.0,9,45
5.685292680423481,0.3526,0.27168163430633213,0.6563547190197392,0.35259999999999997,0.006,0.592,0.0,0.075,0.016,0.019,0.001,0.996,0.993,0.828,10,45
4.531449703362803,0.3858,0.3012654621668497,0.6453663073755364,0.3858,0.001,0.8,0.0,0.125,0.042,0.02,0.001,0.991,0.993,0.885,11,45
4.685349304455157,0.3735,0.28472704491534273,0.5340120289451571,0.37350000000000005,0.0,0.743,0.0,0.024,0.083,0.015,0.001,0.907,0.988,0.974,12,45
5.632160280459225,0.3733,0.2838571442345459,0.683742697829383,0.3733,0.006,0.771,0.0,0.035,0.029,0.02,0.001,0.99,0.993,0.888,13,45
5.9407782905017985,0.352,0.26573816819965107,0.6101629399216295,0.352,0.003,0.566,0.0,0.043,0.022,0.007,0.001,0.99,0.993,0.895,14,45
3.66496380544699,0.5914,0.5093978328336052,0.4916593467981817,0.5913999999999999,0.938,0.912,0.953,0.88,0.0,0.912,0.0,0.57,0.0,0.749,0,46
3.677817276491525,0.5991,0.5189270765699683,0.4908662157444941,0.5991,0.973,0.92,0.913,0.779,0.0,0.867,0.0,0.747,0.0,0.792,1,46
3.687867078346947,0.6002,0.5189151486240172,0.57594872109512,0.6002,0.848,0.952,0.968,0.925,0.0,0.928,0.0,0.657,0.005,0.719,2,46
5.913767986023388,0.27,0.12718358533153432,0.18047060015130476,0.26999999999999996,0.0,0.0,0.0,0.018,0.96,1.0,0.722,0.0,0.0,0.0,3,46
6.360787412229056,0.2772,0.13175251260155818,0.23279639634038424,0.2772,0.0,0.001,0.0,0.022,0.93,1.0,0.819,0.0,0.0,0.0,4,46
6.466363599886909,0.2763,0.13256912056783854,0.28369475411537365,0.2763,0.0,0.005,0.0,0.02,0.819,1.0,0.919,0.0,0.0,0.0,5,46
6.218861686535917,0.2835,0.145355449768506,0.28615482706117074,0.2835,0.0,0.059,0.0,0.019,0.878,1.0,0.879,0.0,0.0,0.0,6,46
7.119585395240175,0.2786,0.1333291391461313,0.2844839582054059,0.2786,0.0,0.001,0.0,0.021,0.879,1.0,0.885,0.0,0.0,0.0,7,46
6.430283984437156,0.2683,0.12729189952227493,0.18393869194977172,0.2683,0.0,0.0,0.0,0.006,0.732,1.0,0.945,0.0,0.0,0.0,8,46
6.390761352575625,0.2812,0.1409614445194281,0.28473841193388355,0.2812,0.0,0.022,0.0,0.04,0.854,1.0,0.896,0.0,0.0,0.0,9,46
5.531649437194434,0.3578,0.2768713470338718,0.6104319055204401,0.3578,0.006,0.617,0.0,0.084,0.023,0.016,0.001,0.996,0.993,0.842,10,46
4.470988970595046,0.3895,0.306320853427112,0.7743459728119932,0.3895,0.003,0.813,0.001,0.144,0.044,0.02,0.001,0.99,0.993,0.886,11,46
4.697436264909494,0.3742,0.28466265204746655,0.5345168510542682,0.3742,0.0,0.75,0.0,0.028,0.08,0.01,0.001,0.911,0.988,0.974,12,46
5.653807045171817,0.3723,0.28366932223303787,0.678354639031161,0.3723,0.006,0.759,0.0,0.037,0.023,0.026,0.001,0.99,0.994,0.887,13,46
5.922880404292585,0.3523,0.26554218201293256,0.6020886131436043,0.3523,0.002,0.571,0.0,0.044,0.023,0.003,0.001,0.991,0.993,0.895,14,46
3.6452984379503293,0.5943,0.5128116967193013,0.4930802069849026,0.5942999999999999,0.937,0.917,0.954,0.882,0.0,0.912,0.0,0.603,0.0,0.738,0,47
3.6677451813563753,0.6062,0.5256179999327057,0.494150505297445,0.6062000000000001,0.973,0.923,0.906,0.792,0.0,0.818,0.0,0.809,0.0,0.841,1,47
3.6400226206063464,0.606,0.52403953752004,0.594163190837997,0.6060000000000001,0.851,0.95,0.967,0.922,0.0,0.92,0.0,0.697,0.003,0.75,2,47
6.157369626596713,0.2726,0.1275381720081025,0.18141458683658968,0.2726,0.0,0.0,0.0,0.012,0.957,1.0,0.757,0.0,0.0,0.0,3,47
6.447888509914898,0.2778,0.13215753307846043,0.23292521904664243,0.2778,0.0,0.001,0.0,0.023,0.931,1.0,0.823,0.0,0.0,0.0,4,47
6.5691961998375845,0.277,0.13345210761563833,0.2839233449235695,0.277,0.0,0.008,0.0,0.02,0.822,1.0,0.92,0.0,0.0,0.0,5,47
5.996242530048845,0.2897,0.15647389824654864,0.2849632346737022,0.2897,0.0,0.113,0.0,0.026,0.882,1.0,0.876,0.0,0.0,0.0,6,47
7.099745960662159,0.2786,0.13317822019855702,0.2844871424253792,0.2786,0.0,0.002,0.0,0.019,0.882,1.0,0.883,0.0,0.0,0.0,7,47
6.487493632319636,0.2688,0.12723915707925695,0.1841249839972845,0.26880000000000004,0.0,0.0,0.0,0.004,0.741,1.0,0.943,0.0,0.0,0.0,8,47
6.337512468758483,0.2857,0.1492535033525314,0.2853444200231456,0.2857,0.0,0.053,0.0,0.05,0.856,1.0,0.898,0.0,0.0,0.0,9,47
5.497394496259598,0.3588,0.2786673168776098,0.6603617156944619,0.3588,0.007,0.62,0.0,0.09,0.02,0.02,0.001,0.996,0.993,0.841,10,47
4.525574140274487,0.3885,0.30660322133168477,0.7743219569491202,0.38849999999999996,0.003,0.805,0.001,0.136,0.051,0.024,0.001,0.991,0.993,0.88,11,47
4.714310388595532,0.3756,0.286808457233656,0.5362434026043797,0.3756,0.0,0.752,0.0,0.027,0.082,0.015,0.001,0.918,0.988,0.973,12,47
5.675509791023815,0.3735,0.284100549504027,0.6797734366246637,0.3735,0.007,0.772,0.0,0.042,0.023,0.019,0.001,0.99,0.993,0.888,13,47
5.709998439295223,0.3576,0.27206073496369976,0.6667185563349679,0.3576,0.004,0.602,0.0,0.056,0.027,0.005,0.001,0.991,0.993,0.897,14,47
3.576242797290936,0.5902,0.5077745344673568,0.4914551825403704,0.5902000000000001,0.945,0.911,0.952,0.876,0.0,0.921,0.0,0.56,0.0,0.737,0,48
3.712717453702189,0.6065,0.5250715849272745,0.4934166153544878,0.6064999999999999,0.971,0.921,0.908,0.828,0.0,0.836,0.0,0.783,0.0,0.818,1,48
3.6760811868567056,0.607,0.5244114688443793,0.5946550747486488,0.607,0.861,0.956,0.968,0.922,0.0,0.922,0.0,0.673,0.002,0.766,2,48
6.0880856239757595,0.2727,0.12931130045348188,0.2812018779261833,0.2727,0.0,0.002,0.0,0.021,0.958,1.0,0.746,0.0,0.0,0.0,3,48
6.451837888540932,0.2778,0.13275456425189763,0.23282937427211753,0.2778,0.0,0.001,0.0,0.027,0.932,1.0,0.818,0.0,0.0,0.0,4,48
6.329351384037981,0.2773,0.13421067560642402,0.28390011571237606,0.2773,0.0,0.011,0.0,0.021,0.821,1.0,0.92,0.0,0.0,0.0,5,48
6.1805801886720015,0.289,0.15588160881110627,0.2877973422459307,0.289,0.0,0.112,0.0,0.019,0.867,1.0,0.892,0.0,0.0,0.0,6,48
7.02747197958608,0.2795,0.13459240682858817,0.28045331565205667,0.27949999999999997,0.0,0.004,0.0,0.024,0.895,1.0,0.872,0.0,0.0,0.0,7,48
6.691488895172509,0.2686,0.1274501940982568,0.18434072612059244,0.2686,0.0,0.0,0.0,0.005,0.732,1.0,0.949,0.0,0.0,0.0,8,48
6.236949592352675,0.2856,0.1486832029284608,0.2854373277762206,0.28559999999999997,0.0,0.054,0.0,0.045,0.86,1.0,0.897,0.0,0.0,0.0,9,48
5.502552987668461,0.3621,0.2817937189363616,0.6151208076248967,0.3621,0.006,0.657,0.0,0.095,0.026,0.018,0.001,0.996,0.993,0.829,10,48
4.505675211501198,0.3926,0.31069080203057026,0.6767830717294885,0.3926,0.003,0.829,0.0,0.158,0.05,0.022,0.001,0.991,0.993,0.879,11,48
4.838552463549775,0.3775,0.2882187404720265,0.537973312034992,0.3775,0.0,0.764,0.0,0.027,0.081,0.014,0.001,0.928,0.988,0.972,12,48
5.6420841338916325,0.3746,0.28537267589492016,0.6782026445349417,0.3746,0.008,0.786,0.0,0.043,0.025,0.02,0.001,0.99,0.993,0.88,13,48
5.631667967421559,0.3588,0.27321078246331193,0.6121971381795285,0.3588,0.003,0.607,0.0,0.059,0.028,0.004,0.001,0.989,0.993,0.904,14,48
3.7081761615344893,0.5888,0.507301940671278,0.49238031609775523,0.5888,0.942,0.914,0.956,0.877,0.0,0.921,0.0,0.567,0.0,0.711,0,49
3.8035938732159402,0.6063,0.5262930659773994,0.49666782738972043,0.6063,0.972,0.921,0.905,0.819,0.0,0.768,0.0,0.814,0.0,0.864,1,49
3.758323280194316,0.6068,0.5240127541732507,0.5740578056520976,0.6068,0.865,0.956,0.966,0.923,0.0,0.923,0.0,0.678,0.004,0.753,2,49
6.13095725534823,0.2735,0.12986611073261864,0.28143454996220446,0.27349999999999997,0.0,0.003,0.0,0.021,0.958,1.0,0.753,0.0,0.0,0.0,3,49
6.4580804136233585,0.2791,0.1344960467844861,0.24978478960684214,0.2791,0.0,0.002,0.0,0.033,0.928,1.0,0.828,0.0,0.0,0.0,4,49
6.454629462367048,0.2773,0.13485870873299982,0.2838542506138636,0.2773,0.0,0.012,0.0,0.024,0.817,1.0,0.92,0.0,0.0,0.0,5,49
6.03630029203031,0.298,0.1704010891408017,0.28763547859299304,0.298,0.0,0.193,0.0,0.026,0.875,1.0,0.886,0.0,0.0,0.0,6,49
6.941460498224813,0.2798,0.1348569814141189,0.28071803226649833,0.2798,0.0,0.004,0.0,0.024,0.884,1.0,0.886,0.0,0.0,0.0,7,49
6.641363192671023,0.2681,0.1274970489366629,0.28430606840790074,0.26809999999999995,0.0,0.001,0.0,0.005,0.729,1.0,0.946,0.0,0.0,0.0,8,49
6.43272816868255,0.2867,0.1508613989498937,0.28565179790132805,0.2867,0.0,0.062,0.0,0.048,0.858,1.0,0.899,0.0,0.0,0.0,9,49
5.424180039201682,0.3616,0.28174962489469124,0.659889064828616,0.3616,0.005,0.657,0.0,0.093,0.025,0.022,0.001,0.996,0.993,0.824,10,49
4.367243241959105,0.3951,0.31413721049285304,0.7775776855196728,0.3951,0.004,0.831,0.001,0.161,0.06,0.022,0.001,0.991,0.993,0.887,11,49
4.638959428372855,0.3818,0.29407598533054746,0.5892298842862712,0.3818,0.001,0.786,0.0,0.033,0.106,0.016,0.001,0.914,0.988,0.973,12,49
5.548944254652761,0.3767,0.2883042899840741,0.6819332558166135,0.3767,0.008,0.794,0.0,0.051,0.029,0.021,0.001,0.99,0.993,0.88,13,49
5.645509276527186,0.3582,0.27276352454818625,0.6135515237978719,0.35819999999999996,0.003,0.602,0.0,0.057,0.026,0.007,0.001,0.99,0.994,0.902,14,49
